07-Sep-2026 18:48:54.160 INFO [main] org.apache.catalina.startup.VersionLoggerListener.log Server version name:   Apache Tomcat/9.0.121
07-Sep-2026 18:48:54.170 INFO [main] org.apache.catalina.startup.VersionLoggerListener.log Server built:          Aug 12 2026 19:38:16 UTC
07-Sep-2026 18:48:54.173 INFO [main] org.apache.catalina.startup.VersionLoggerListener.log Server version number: 9.0.121.0
07-Sep-2026 18:48:54.176 INFO [main] org.apache.catalina.startup.VersionLoggerListener.log OS Name:               Windows 11
07-Sep-2026 18:48:54.176 INFO [main] org.apache.catalina.startup.VersionLoggerListener.log OS Version:            10.0
07-Sep-2026 18:48:54.179 INFO [main] org.apache.catalina.startup.VersionLoggerListener.log Architecture:          amd64
07-Sep-2026 18:48:54.181 INFO [main] org.apache.catalina.startup.VersionLoggerListener.log Java Home:             C:\Program Files\Eclipse Adoptium\jdk-25.0.0.36-hotspot
07-Sep-2026 18:48:54.183 INFO [main] org.apache.catalina.startup.VersionLoggerListener.log JVM Version:           25+36-LTS
07-Sep-2026 18:48:54.184 INFO [main] org.apache.catalina.startup.VersionLoggerListener.log JVM Vendor:            Eclipse Adoptium
07-Sep-2026 18:48:54.185 INFO [main] org.apache.catalina.startup.VersionLoggerListener.log CATALINA_BASE:         D:\JavaBean\tools\apache-tomcat-9.0.121
07-Sep-2026 18:48:54.186 INFO [main] org.apache.catalina.startup.VersionLoggerListener.log CATALINA_HOME:         D:\JavaBean\tools\apache-tomcat-9.0.121
07-Sep-2026 18:48:54.224 INFO [main] org.apache.catalina.startup.VersionLoggerListener.log Command line argument: --add-opens=java.base/java.lang=ALL-UNNAMED
07-Sep-2026 18:48:54.224 INFO [main] org.apache.catalina.startup.VersionLoggerListener.log Command line argument: --add-opens=java.base/java.lang.invoke=ALL-UNNAMED
07-Sep-2026 18:48:54.226 INFO [main] org.apache.catalina.startup.VersionLoggerListener.log Command line argument: --add-opens=java.base/java.lang.reflect=ALL-UNNAMED
07-Sep-2026 18:48:54.227 INFO [main] org.apache.catalina.startup.VersionLoggerListener.log Command line argument: --add-opens=java.base/java.io=ALL-UNNAMED
07-Sep-2026 18:48:54.228 INFO [main] org.apache.catalina.startup.VersionLoggerListener.log Command line argument: --add-opens=java.base/java.util=ALL-UNNAMED
07-Sep-2026 18:48:54.230 INFO [main] org.apache.catalina.startup.VersionLoggerListener.log Command line argument: --add-opens=java.base/java.util.concurrent=ALL-UNNAMED
07-Sep-2026 18:48:54.231 INFO [main] org.apache.catalina.startup.VersionLoggerListener.log Command line argument: --add-opens=java.rmi/sun.rmi.transport=ALL-UNNAMED
07-Sep-2026 18:48:54.232 INFO [main] org.apache.catalina.startup.VersionLoggerListener.log Command line argument: -Djava.util.logging.config.file=D:\JavaBean\tools\apache-tomcat-9.0.121\conf\logging.properties
07-Sep-2026 18:48:54.232 INFO [main] org.apache.catalina.startup.VersionLoggerListener.log Command line argument: -Djava.util.logging.manager=org.apache.juli.ClassLoaderLogManager
07-Sep-2026 18:48:54.235 INFO [main] org.apache.catalina.startup.VersionLoggerListener.log Command line argument: -Djdk.tls.ephemeralDHKeySize=2048
07-Sep-2026 18:48:54.236 INFO [main] org.apache.catalina.startup.VersionLoggerListener.log Command line argument: -Djava.protocol.handler.pkgs=org.apache.catalina.webresources
07-Sep-2026 18:48:54.236 INFO [main] org.apache.catalina.startup.VersionLoggerListener.log Command line argument: -Dsun.io.useCanonCaches=false
07-Sep-2026 18:48:54.236 INFO [main] org.apache.catalina.startup.VersionLoggerListener.log Command line argument: -Dignore.endorsed.dirs=
07-Sep-2026 18:48:54.238 INFO [main] org.apache.catalina.startup.VersionLoggerListener.log Command line argument: -Dcatalina.base=D:\JavaBean\tools\apache-tomcat-9.0.121
07-Sep-2026 18:48:54.238 INFO [main] org.apache.catalina.startup.VersionLoggerListener.log Command line argument: -Dcatalina.home=D:\JavaBean\tools\apache-tomcat-9.0.121
07-Sep-2026 18:48:54.238 INFO [main] org.apache.catalina.startup.VersionLoggerListener.log Command line argument: -Djava.io.tmpdir=D:\JavaBean\tools\apache-tomcat-9.0.121\temp
07-Sep-2026 18:48:54.304 INFO [main] org.apache.catalina.core.AprLifecycleListener.lifecycleEvent The Apache Tomcat Native library which allows using OpenSSL was not found on the java.library.path: [C:\Program Files\Eclipse Adoptium\jdk-25.0.0.36-hotspot\bin;C:\WINDOWS\Sun\Java\bin;C:\WINDOWS\system32;C:\WINDOWS;C:\Users\azhai\bin;C:\Program Files\Git\mingw64\bin;C:\Program Files\Git\usr\local\bin;C:\Program Files\Git\usr\bin;C:\Program Files\Git\usr\bin;C:\Program Files\Git\mingw64\bin;C:\Program Files\Git\usr\bin;C:\Users\azhai\bin;C:\Users\azhai\AppData\Roaming\Code\User\globalStorage\github.copilot-chat\debugCommand;C:\Users\azhai\AppData\Roaming\Code\User\globalStorage\github.copilot-chat\copilotCli;C:\Program Files\Eclipse Adoptium\jdk-25.0.0.36-hotspot\bin;C:\WINDOWS\system32;C:\WINDOWS;C:\WINDOWS\System32\Wbem;C:\WINDOWS\System32\WindowsPowerShell\v1.0;C:\WINDOWS\System32\OpenSSH;C:\Program Files\Microsoft SQL Server\150\Tools\Binn;C:\Program Files\Microsoft SQL Server\Client SDK\ODBC\170\Tools\Binn;C:\Program Files (x86)\Microsoft SQL Server\150\Tools\Binn;C:\Program Files\Microsoft SQL Server\150\DTS\Binn;C:\Program Files\Azure Data Studio\bin;C:\Program Files\Microsoft SQL Server\120\Tools\Binn;C:\Program Files\Microsoft SQL Server\Client SDK\ODBC\110\Tools\Binn;C:\Program Files (x86)\Microsoft SQL Server\120\Tools\Binn;C:\Program Files\Microsoft SQL Server\120\DTS\Binn;C:\Program Files (x86)\Microsoft SQL Server\120\Tools\Binn\ManagementStudio;C:\Program Files (x86)\Microsoft SQL Server\120\DTS\Binn;C:\Program Files (x86)\Microsoft SQL Server\160\Tools\Binn;C:\Program Files\Microsoft SQL Server\160\Tools\Binn;C:\Program Files\Microsoft SQL Server\160\DTS\Binn;C:\Users\azhai\AppData\Local\Programs\cursor\resources\app\bin;C:\WINDOWS\system32;C:\WINDOWS;C:\WINDOWS\System32\Wbem;C:\WINDOWS\System32\WindowsPowerShell\v1.0;C:\WINDOWS\System32\OpenSSH;C:\wamp64\bin\php\php5.6.40C;C:\Program Files\Git\Program Files\Microsoft SQL Server\170\Tools\Binn;C:\Program Files\dotnet;C:\Program Files\Git\cmd;C:\xampp\php;C:\composer;C:\Program Files\nodejs;C:\Program Files\Erlang OTP\bin;C:\Program Files\RabbitMQ Server\rabbitmq_server-4.3.2\sbin;C:\Program Files (x86)\Microsoft SQL Server\170\Tools\Binn;C:\Program Files\Microsoft SQL Server\170\Tools\Binn;C:\Program Files\Microsoft SQL Server\Client SDK\ODBC\180\Tools\Binn;C:\Program Files\Microsoft SQL Server\170\DTS\Binn;C:\Users\azhai\AppData\Local\Volta\bin;C:\Users\azhai\AppData\Local\Yarn\config\global\node_modules\.bin;C:\Users\azhai\AppData\Roaming\Composer\vendor\bin;D:\laragon\bin;D:\laragon\bin\apache\httpd-2.4.54-win64-VS16\bin;D:\laragon\bin\composer;D:\laragon\bin\git\bin;D:\laragon\bin\git\cmd;D:\laragon\bin\git\mingw64\bin;D:\laragon\bin\git\usr\bin;D:\laragon\bin\laragon\utils;D:\laragon\bin\mysql\mysql-8.0.30-winx64\bin;D:\laragon\bin\nginx\nginx-1.22.0;D:\laragon\bin\ngrok;D:\laragon\bin\nodejs\node-v18;D:\laragon\bin\notepad++;D:\laragon\bin\php\php-8.3.31-nts-Win32-vs16-x64;D:\laragon\bin\python\python-3.10;D:\laragon\bin\python\python-3.10\Scripts;D:\laragon\bin\redis\redis-x64-5.0.14.1;D:\laragon\bin\telnet;D:\laragon\usr\bin;C:\Users\azhai\AppData\Local\Microsoft\WindowsApps;C:\Program Files\Azure Data Studio\bin;D:\Visual studio\Microsoft VS Code\bin;C:\Users\azhai\AppData\Local\GitHubDesktop\bin;C:\Program Files\dotnet;C:\Users\azhai\.dotnet\tools;C:\Users\azhai\.dotnet\tools;C:\Users\azhai\AppData\Roa;C:\Users\azhai\AppData\Roaming\npm;C:\Users\azhai\.vscode\extensions\vscjava.vscode-java-debug-0.59.0\bundled\scripts\noConfigScripts;C:\Program Files\Git\usr\bin\vendor_perl;C:\Program Files\Git\usr\bin\core_perl;.]
07-Sep-2026 18:48:55.473 INFO [main] org.apache.coyote.AbstractProtocol.init Initializing ProtocolHandler ["http-nio-8080"]
07-Sep-2026 18:48:55.570 INFO [main] org.apache.catalina.startup.Catalina.load Server initialization in [2165] milliseconds
07-Sep-2026 18:48:55.995 INFO [main] org.apache.catalina.core.StandardService.startInternal Starting service [Catalina]
07-Sep-2026 18:48:56.004 INFO [main] org.apache.catalina.core.StandardEngine.startInternal Starting Servlet engine: [Apache Tomcat/9.0.121]
07-Sep-2026 18:48:56.138 INFO [main] org.apache.catalina.startup.HostConfig.deployWAR Deploying web application archive [D:\JavaBean\tools\apache-tomcat-9.0.121\webapps\JavaBean.war]
07-Sep-2026 18:48:59.286 INFO [main] org.apache.jasper.servlet.TldScanner.scanJars At least one JAR was scanned for TLDs yet contained no TLDs. Enable debug logging for this logger for a complete list of JARs that were scanned but no TLDs were found in them. Skipping unneeded JARs during scanning can improve startup time and JSP compilation time.
07-Sep-2026 18:48:59.506 INFO [main] org.apache.catalina.startup.HostConfig.deployWAR Deployment of web application archive [D:\JavaBean\tools\apache-tomcat-9.0.121\webapps\JavaBean.war] has finished in [3,349] ms
07-Sep-2026 18:48:59.512 INFO [main] org.apache.catalina.startup.HostConfig.deployDirectory Deploying web application directory [D:\JavaBean\tools\apache-tomcat-9.0.121\webapps\docs]
07-Sep-2026 18:48:59.685 INFO [main] org.apache.catalina.startup.HostConfig.deployDirectory Deployment of web application directory [D:\JavaBean\tools\apache-tomcat-9.0.121\webapps\docs] has finished in [172] ms
07-Sep-2026 18:48:59.691 INFO [main] org.apache.catalina.startup.HostConfig.deployDirectory Deploying web application directory [D:\JavaBean\tools\apache-tomcat-9.0.121\webapps\examples]
07-Sep-2026 18:49:02.276 INFO [main] org.apache.catalina.startup.HostConfig.deployDirectory Deployment of web application directory [D:\JavaBean\tools\apache-tomcat-9.0.121\webapps\examples] has finished in [2,584] ms
07-Sep-2026 18:49:02.277 INFO [main] org.apache.catalina.startup.HostConfig.deployDirectory Deploying web application directory [D:\JavaBean\tools\apache-tomcat-9.0.121\webapps\host-manager]
07-Sep-2026 18:49:02.388 INFO [main] org.apache.catalina.startup.HostConfig.deployDirectory Deployment of web application directory [D:\JavaBean\tools\apache-tomcat-9.0.121\webapps\host-manager] has finished in [111] ms
07-Sep-2026 18:49:02.388 INFO [main] org.apache.catalina.startup.HostConfig.deployDirectory Deploying web application directory [D:\JavaBean\tools\apache-tomcat-9.0.121\webapps\manager]
07-Sep-2026 18:49:02.519 INFO [main] org.apache.catalina.startup.HostConfig.deployDirectory Deployment of web application directory [D:\JavaBean\tools\apache-tomcat-9.0.121\webapps\manager] has finished in [131] ms
07-Sep-2026 18:49:02.521 INFO [main] org.apache.catalina.startup.HostConfig.deployDirectory Deploying web application directory [D:\JavaBean\tools\apache-tomcat-9.0.121\webapps\ROOT]
07-Sep-2026 18:49:02.635 INFO [main] org.apache.catalina.startup.HostConfig.deployDirectory Deployment of web application directory [D:\JavaBean\tools\apache-tomcat-9.0.121\webapps\ROOT] has finished in [114] ms
07-Sep-2026 18:49:02.652 INFO [main] org.apache.coyote.AbstractProtocol.start Starting ProtocolHandler ["http-nio-8080"]
07-Sep-2026 18:49:02.743 INFO [main] org.apache.catalina.startup.Catalina.start Server startup in [7168] milliseconds
07-Sep-2026 19:00:38.464 INFO [main] org.apache.catalina.startup.VersionLoggerListener.log Server version name:   Apache Tomcat/9.0.121
07-Sep-2026 19:00:38.471 INFO [main] org.apache.catalina.startup.VersionLoggerListener.log Server built:          Aug 12 2026 19:38:16 UTC
07-Sep-2026 19:00:38.472 INFO [main] org.apache.catalina.startup.VersionLoggerListener.log Server version number: 9.0.121.0
07-Sep-2026 19:00:38.472 INFO [main] org.apache.catalina.startup.VersionLoggerListener.log OS Name:               Windows 11
07-Sep-2026 19:00:38.474 INFO [main] org.apache.catalina.startup.VersionLoggerListener.log OS Version:            10.0
07-Sep-2026 19:00:38.474 INFO [main] org.apache.catalina.startup.VersionLoggerListener.log Architecture:          amd64
07-Sep-2026 19:00:38.475 INFO [main] org.apache.catalina.startup.VersionLoggerListener.log Java Home:             C:\Program Files\Eclipse Adoptium\jdk-25.0.0.36-hotspot
07-Sep-2026 19:00:38.475 INFO [main] org.apache.catalina.startup.VersionLoggerListener.log JVM Version:           25+36-LTS
07-Sep-2026 19:00:38.476 INFO [main] org.apache.catalina.startup.VersionLoggerListener.log JVM Vendor:            Eclipse Adoptium
07-Sep-2026 19:00:38.476 INFO [main] org.apache.catalina.startup.VersionLoggerListener.log CATALINA_BASE:         D:\JavaBean\tools\apache-tomcat-9.0.121
07-Sep-2026 19:00:38.477 INFO [main] org.apache.catalina.startup.VersionLoggerListener.log CATALINA_HOME:         D:\JavaBean\tools\apache-tomcat-9.0.121
07-Sep-2026 19:00:38.508 INFO [main] org.apache.catalina.startup.VersionLoggerListener.log Command line argument: --add-opens=java.base/java.lang=ALL-UNNAMED
07-Sep-2026 19:00:38.508 INFO [main] org.apache.catalina.startup.VersionLoggerListener.log Command line argument: --add-opens=java.base/java.lang.invoke=ALL-UNNAMED
07-Sep-2026 19:00:38.509 INFO [main] org.apache.catalina.startup.VersionLoggerListener.log Command line argument: --add-opens=java.base/java.lang.reflect=ALL-UNNAMED
07-Sep-2026 19:00:38.509 INFO [main] org.apache.catalina.startup.VersionLoggerListener.log Command line argument: --add-opens=java.base/java.io=ALL-UNNAMED
07-Sep-2026 19:00:38.509 INFO [main] org.apache.catalina.startup.VersionLoggerListener.log Command line argument: --add-opens=java.base/java.util=ALL-UNNAMED
07-Sep-2026 19:00:38.509 INFO [main] org.apache.catalina.startup.VersionLoggerListener.log Command line argument: --add-opens=java.base/java.util.concurrent=ALL-UNNAMED
07-Sep-2026 19:00:38.510 INFO [main] org.apache.catalina.startup.VersionLoggerListener.log Command line argument: --add-opens=java.rmi/sun.rmi.transport=ALL-UNNAMED
07-Sep-2026 19:00:38.510 INFO [main] org.apache.catalina.startup.VersionLoggerListener.log Command line argument: -Djava.util.logging.config.file=D:/JavaBean/tools/apache-tomcat-9.0.121\conf\logging.properties
07-Sep-2026 19:00:38.511 INFO [main] org.apache.catalina.startup.VersionLoggerListener.log Command line argument: -Djava.util.logging.manager=org.apache.juli.ClassLoaderLogManager
07-Sep-2026 19:00:38.511 INFO [main] org.apache.catalina.startup.VersionLoggerListener.log Command line argument: -Djdk.tls.ephemeralDHKeySize=2048
07-Sep-2026 19:00:38.511 INFO [main] org.apache.catalina.startup.VersionLoggerListener.log Command line argument: -Djava.protocol.handler.pkgs=org.apache.catalina.webresources
07-Sep-2026 19:00:38.512 INFO [main] org.apache.catalina.startup.VersionLoggerListener.log Command line argument: -Dsun.io.useCanonCaches=false
07-Sep-2026 19:00:38.515 INFO [main] org.apache.catalina.startup.VersionLoggerListener.log Command line argument: -Dignore.endorsed.dirs=
07-Sep-2026 19:00:38.516 INFO [main] org.apache.catalina.startup.VersionLoggerListener.log Command line argument: -Dcatalina.base=D:/JavaBean/tools/apache-tomcat-9.0.121
07-Sep-2026 19:00:38.517 INFO [main] org.apache.catalina.startup.VersionLoggerListener.log Command line argument: -Dcatalina.home=D:/JavaBean/tools/apache-tomcat-9.0.121
07-Sep-2026 19:00:38.517 INFO [main] org.apache.catalina.startup.VersionLoggerListener.log Command line argument: -Djava.io.tmpdir=D:/JavaBean/tools/apache-tomcat-9.0.121\temp
07-Sep-2026 19:00:38.564 INFO [main] org.apache.catalina.core.AprLifecycleListener.lifecycleEvent The Apache Tomcat Native library which allows using OpenSSL was not found on the java.library.path: [C:\Program Files\Eclipse Adoptium\jdk-25.0.0.36-hotspot\bin;C:\WINDOWS\Sun\Java\bin;C:\WINDOWS\system32;C:\WINDOWS;C:\Users\azhai\bin;C:\Program Files\Git\mingw64\bin;C:\Program Files\Git\usr\local\bin;C:\Program Files\Git\usr\bin;C:\Program Files\Git\usr\bin;C:\Program Files\Git\mingw64\bin;C:\Program Files\Git\usr\bin;C:\Users\azhai\bin;C:\Users\azhai\AppData\Roaming\Code\User\globalStorage\github.copilot-chat\debugCommand;C:\Users\azhai\AppData\Roaming\Code\User\globalStorage\github.copilot-chat\copilotCli;C:\Program Files\Eclipse Adoptium\jdk-25.0.0.36-hotspot\bin;C:\WINDOWS\system32;C:\WINDOWS;C:\WINDOWS\System32\Wbem;C:\WINDOWS\System32\WindowsPowerShell\v1.0;C:\WINDOWS\System32\OpenSSH;C:\Program Files\Microsoft SQL Server\150\Tools\Binn;C:\Program Files\Microsoft SQL Server\Client SDK\ODBC\170\Tools\Binn;C:\Program Files (x86)\Microsoft SQL Server\150\Tools\Binn;C:\Program Files\Microsoft SQL Server\150\DTS\Binn;C:\Program Files\Azure Data Studio\bin;C:\Program Files\Microsoft SQL Server\120\Tools\Binn;C:\Program Files\Microsoft SQL Server\Client SDK\ODBC\110\Tools\Binn;C:\Program Files (x86)\Microsoft SQL Server\120\Tools\Binn;C:\Program Files\Microsoft SQL Server\120\DTS\Binn;C:\Program Files (x86)\Microsoft SQL Server\120\Tools\Binn\ManagementStudio;C:\Program Files (x86)\Microsoft SQL Server\120\DTS\Binn;C:\Program Files (x86)\Microsoft SQL Server\160\Tools\Binn;C:\Program Files\Microsoft SQL Server\160\Tools\Binn;C:\Program Files\Microsoft SQL Server\160\DTS\Binn;C:\Users\azhai\AppData\Local\Programs\cursor\resources\app\bin;C:\WINDOWS\system32;C:\WINDOWS;C:\WINDOWS\System32\Wbem;C:\WINDOWS\System32\WindowsPowerShell\v1.0;C:\WINDOWS\System32\OpenSSH;C:\wamp64\bin\php\php5.6.40C;C:\Program Files\Git\Program Files\Microsoft SQL Server\170\Tools\Binn;C:\Program Files\dotnet;C:\Program Files\Git\cmd;C:\xampp\php;C:\composer;C:\Program Files\nodejs;C:\Program Files\Erlang OTP\bin;C:\Program Files\RabbitMQ Server\rabbitmq_server-4.3.2\sbin;C:\Program Files (x86)\Microsoft SQL Server\170\Tools\Binn;C:\Program Files\Microsoft SQL Server\170\Tools\Binn;C:\Program Files\Microsoft SQL Server\Client SDK\ODBC\180\Tools\Binn;C:\Program Files\Microsoft SQL Server\170\DTS\Binn;C:\Users\azhai\AppData\Local\Volta\bin;C:\Users\azhai\AppData\Local\Yarn\config\global\node_modules\.bin;C:\Users\azhai\AppData\Roaming\Composer\vendor\bin;D:\laragon\bin;D:\laragon\bin\apache\httpd-2.4.54-win64-VS16\bin;D:\laragon\bin\composer;D:\laragon\bin\git\bin;D:\laragon\bin\git\cmd;D:\laragon\bin\git\mingw64\bin;D:\laragon\bin\git\usr\bin;D:\laragon\bin\laragon\utils;D:\laragon\bin\mysql\mysql-8.0.30-winx64\bin;D:\laragon\bin\nginx\nginx-1.22.0;D:\laragon\bin\ngrok;D:\laragon\bin\nodejs\node-v18;D:\laragon\bin\notepad++;D:\laragon\bin\php\php-8.3.31-nts-Win32-vs16-x64;D:\laragon\bin\python\python-3.10;D:\laragon\bin\python\python-3.10\Scripts;D:\laragon\bin\redis\redis-x64-5.0.14.1;D:\laragon\bin\telnet;D:\laragon\usr\bin;C:\Users\azhai\AppData\Local\Microsoft\WindowsApps;C:\Program Files\Azure Data Studio\bin;D:\Visual studio\Microsoft VS Code\bin;C:\Users\azhai\AppData\Local\GitHubDesktop\bin;C:\Program Files\dotnet;C:\Users\azhai\.dotnet\tools;C:\Users\azhai\.dotnet\tools;C:\Users\azhai\AppData\Roa;C:\Users\azhai\AppData\Roaming\npm;C:\Users\azhai\.vscode\extensions\vscjava.vscode-java-debug-0.59.0\bundled\scripts\noConfigScripts;C:\Program Files\Git\usr\bin\vendor_perl;C:\Program Files\Git\usr\bin\core_perl;.]
07-Sep-2026 19:00:39.292 INFO [main] org.apache.coyote.AbstractProtocol.init Initializing ProtocolHandler ["http-nio-8080"]
07-Sep-2026 19:00:39.352 INFO [main] org.apache.catalina.startup.Catalina.load Server initialization in [1311] milliseconds
07-Sep-2026 19:00:39.487 INFO [main] org.apache.catalina.core.StandardService.startInternal Starting service [Catalina]
07-Sep-2026 19:00:39.487 INFO [main] org.apache.catalina.core.StandardEngine.startInternal Starting Servlet engine: [Apache Tomcat/9.0.121]
07-Sep-2026 19:00:39.527 INFO [main] org.apache.catalina.startup.HostConfig.deployWAR Deploying web application archive [D:\JavaBean\tools\apache-tomcat-9.0.121\webapps\JavaBean.war]
07-Sep-2026 19:00:39.568 INFO [main] org.apache.catalina.startup.ExpandWar.expand An expanded directory [D:\JavaBean\tools\apache-tomcat-9.0.121\webapps\JavaBean] was found with a last modified time that did not match the associated WAR. It will be deleted.
07-Sep-2026 19:00:41.354 INFO [main] org.apache.jasper.servlet.TldScanner.scanJars At least one JAR was scanned for TLDs yet contained no TLDs. Enable debug logging for this logger for a complete list of JARs that were scanned but no TLDs were found in them. Skipping unneeded JARs during scanning can improve startup time and JSP compilation time.
07-Sep-2026 19:00:41.565 INFO [main] org.apache.catalina.startup.HostConfig.deployWAR Deployment of web application archive [D:\JavaBean\tools\apache-tomcat-9.0.121\webapps\JavaBean.war] has finished in [2,027] ms
07-Sep-2026 19:00:41.568 INFO [main] org.apache.catalina.startup.HostConfig.deployDirectory Deploying web application directory [D:\JavaBean\tools\apache-tomcat-9.0.121\webapps\docs]
07-Sep-2026 19:00:41.719 INFO [main] org.apache.catalina.startup.HostConfig.deployDirectory Deployment of web application directory [D:\JavaBean\tools\apache-tomcat-9.0.121\webapps\docs] has finished in [151] ms
07-Sep-2026 19:00:41.720 INFO [main] org.apache.catalina.startup.HostConfig.deployDirectory Deploying web application directory [D:\JavaBean\tools\apache-tomcat-9.0.121\webapps\examples]
07-Sep-2026 19:00:42.861 INFO [main] org.apache.catalina.startup.HostConfig.deployDirectory Deployment of web application directory [D:\JavaBean\tools\apache-tomcat-9.0.121\webapps\examples] has finished in [1,141] ms
07-Sep-2026 19:00:42.862 INFO [main] org.apache.catalina.startup.HostConfig.deployDirectory Deploying web application directory [D:\JavaBean\tools\apache-tomcat-9.0.121\webapps\host-manager]
07-Sep-2026 19:00:42.960 INFO [main] org.apache.catalina.startup.HostConfig.deployDirectory Deployment of web application directory [D:\JavaBean\tools\apache-tomcat-9.0.121\webapps\host-manager] has finished in [97] ms
07-Sep-2026 19:00:42.961 INFO [main] org.apache.catalina.startup.HostConfig.deployDirectory Deploying web application directory [D:\JavaBean\tools\apache-tomcat-9.0.121\webapps\manager]
07-Sep-2026 19:00:43.056 INFO [main] org.apache.catalina.startup.HostConfig.deployDirectory Deployment of web application directory [D:\JavaBean\tools\apache-tomcat-9.0.121\webapps\manager] has finished in [94] ms
07-Sep-2026 19:00:43.060 INFO [main] org.apache.catalina.startup.HostConfig.deployDirectory Deploying web application directory [D:\JavaBean\tools\apache-tomcat-9.0.121\webapps\ROOT]
07-Sep-2026 19:00:43.130 INFO [main] org.apache.catalina.startup.HostConfig.deployDirectory Deployment of web application directory [D:\JavaBean\tools\apache-tomcat-9.0.121\webapps\ROOT] has finished in [70] ms
07-Sep-2026 19:00:43.140 INFO [main] org.apache.coyote.AbstractProtocol.start Starting ProtocolHandler ["http-nio-8080"]
07-Sep-2026 19:00:43.199 INFO [main] org.apache.catalina.startup.Catalina.start Server startup in [3840] milliseconds
07-Sep-2026 19:01:27.103 INFO [Thread-1] org.apache.coyote.AbstractProtocol.pause Pausing ProtocolHandler ["http-nio-8080"]
07-Sep-2026 19:01:27.120 INFO [Thread-1] org.apache.catalina.core.StandardService.stopInternal Stopping service [Catalina]
07-Sep-2026 19:01:27.153 INFO [Thread-1] org.apache.coyote.AbstractProtocol.stop Stopping ProtocolHandler ["http-nio-8080"]
07-Sep-2026 19:01:27.165 INFO [Thread-1] org.apache.coyote.AbstractProtocol.destroy Destroying ProtocolHandler ["http-nio-8080"]
07-Sep-2026 19:01:59.587 INFO [main] org.apache.catalina.startup.VersionLoggerListener.log Server version name:   Apache Tomcat/9.0.121
07-Sep-2026 19:01:59.590 INFO [main] org.apache.catalina.startup.VersionLoggerListener.log Server built:          Aug 12 2026 19:38:16 UTC
07-Sep-2026 19:01:59.591 INFO [main] org.apache.catalina.startup.VersionLoggerListener.log Server version number: 9.0.121.0
07-Sep-2026 19:01:59.591 INFO [main] org.apache.catalina.startup.VersionLoggerListener.log OS Name:               Windows 11
07-Sep-2026 19:01:59.591 INFO [main] org.apache.catalina.startup.VersionLoggerListener.log OS Version:            10.0
07-Sep-2026 19:01:59.591 INFO [main] org.apache.catalina.startup.VersionLoggerListener.log Architecture:          amd64
07-Sep-2026 19:01:59.592 INFO [main] org.apache.catalina.startup.VersionLoggerListener.log Java Home:             C:\Program Files\Eclipse Adoptium\jdk-25.0.0.36-hotspot
07-Sep-2026 19:01:59.592 INFO [main] org.apache.catalina.startup.VersionLoggerListener.log JVM Version:           25+36-LTS
07-Sep-2026 19:01:59.592 INFO [main] org.apache.catalina.startup.VersionLoggerListener.log JVM Vendor:            Eclipse Adoptium
07-Sep-2026 19:01:59.592 INFO [main] org.apache.catalina.startup.VersionLoggerListener.log CATALINA_BASE:         D:\JavaBean\tools\apache-tomcat-9.0.121
07-Sep-2026 19:01:59.593 INFO [main] org.apache.catalina.startup.VersionLoggerListener.log CATALINA_HOME:         D:\JavaBean\tools\apache-tomcat-9.0.121
07-Sep-2026 19:01:59.605 INFO [main] org.apache.catalina.startup.VersionLoggerListener.log Command line argument: --add-opens=java.base/java.lang=ALL-UNNAMED
07-Sep-2026 19:01:59.606 INFO [main] org.apache.catalina.startup.VersionLoggerListener.log Command line argument: --add-opens=java.base/java.lang.invoke=ALL-UNNAMED
07-Sep-2026 19:01:59.606 INFO [main] org.apache.catalina.startup.VersionLoggerListener.log Command line argument: --add-opens=java.base/java.lang.reflect=ALL-UNNAMED
07-Sep-2026 19:01:59.606 INFO [main] org.apache.catalina.startup.VersionLoggerListener.log Command line argument: --add-opens=java.base/java.io=ALL-UNNAMED
07-Sep-2026 19:01:59.606 INFO [main] org.apache.catalina.startup.VersionLoggerListener.log Command line argument: --add-opens=java.base/java.util=ALL-UNNAMED
07-Sep-2026 19:01:59.607 INFO [main] org.apache.catalina.startup.VersionLoggerListener.log Command line argument: --add-opens=java.base/java.util.concurrent=ALL-UNNAMED
07-Sep-2026 19:01:59.607 INFO [main] org.apache.catalina.startup.VersionLoggerListener.log Command line argument: --add-opens=java.rmi/sun.rmi.transport=ALL-UNNAMED
07-Sep-2026 19:01:59.607 INFO [main] org.apache.catalina.startup.VersionLoggerListener.log Command line argument: -Djava.util.logging.config.file=D:/JavaBean/tools/apache-tomcat-9.0.121\conf\logging.properties
07-Sep-2026 19:01:59.607 INFO [main] org.apache.catalina.startup.VersionLoggerListener.log Command line argument: -Djava.util.logging.manager=org.apache.juli.ClassLoaderLogManager
07-Sep-2026 19:01:59.608 INFO [main] org.apache.catalina.startup.VersionLoggerListener.log Command line argument: -Djdk.tls.ephemeralDHKeySize=2048
07-Sep-2026 19:01:59.608 INFO [main] org.apache.catalina.startup.VersionLoggerListener.log Command line argument: -Djava.protocol.handler.pkgs=org.apache.catalina.webresources
07-Sep-2026 19:01:59.608 INFO [main] org.apache.catalina.startup.VersionLoggerListener.log Command line argument: -Dsun.io.useCanonCaches=false
07-Sep-2026 19:01:59.608 INFO [main] org.apache.catalina.startup.VersionLoggerListener.log Command line argument: -Dignore.endorsed.dirs=
07-Sep-2026 19:01:59.608 INFO [main] org.apache.catalina.startup.VersionLoggerListener.log Command line argument: -Dcatalina.base=D:/JavaBean/tools/apache-tomcat-9.0.121
07-Sep-2026 19:01:59.608 INFO [main] org.apache.catalina.startup.VersionLoggerListener.log Command line argument: -Dcatalina.home=D:/JavaBean/tools/apache-tomcat-9.0.121
07-Sep-2026 19:01:59.609 INFO [main] org.apache.catalina.startup.VersionLoggerListener.log Command line argument: -Djava.io.tmpdir=D:/JavaBean/tools/apache-tomcat-9.0.121\temp
07-Sep-2026 19:01:59.637 INFO [main] org.apache.catalina.core.AprLifecycleListener.lifecycleEvent The Apache Tomcat Native library which allows using OpenSSL was not found on the java.library.path: [C:\Program Files\Eclipse Adoptium\jdk-25.0.0.36-hotspot\bin;C:\WINDOWS\Sun\Java\bin;C:\WINDOWS\system32;C:\WINDOWS;C:\Users\azhai\bin;C:\Program Files\Git\mingw64\bin;C:\Program Files\Git\usr\local\bin;C:\Program Files\Git\usr\bin;C:\Program Files\Git\usr\bin;C:\Program Files\Git\mingw64\bin;C:\Program Files\Git\usr\bin;C:\Users\azhai\bin;C:\Program Files\Eclipse Adoptium\jdk-25.0.0.36-hotspot\bin;C:\WINDOWS\system32;C:\WINDOWS;C:\WINDOWS\System32\Wbem;C:\WINDOWS\System32\WindowsPowerShell\v1.0;C:\WINDOWS\System32\OpenSSH;C:\Program Files\Microsoft SQL Server\150\Tools\Binn;C:\Program Files\Microsoft SQL Server\Client SDK\ODBC\170\Tools\Binn;C:\Program Files (x86)\Microsoft SQL Server\150\Tools\Binn;C:\Program Files\Microsoft SQL Server\150\DTS\Binn;C:\Program Files\Azure Data Studio\bin;C:\Program Files\Microsoft SQL Server\120\Tools\Binn;C:\Program Files\Microsoft SQL Server\Client SDK\ODBC\110\Tools\Binn;C:\Program Files (x86)\Microsoft SQL Server\120\Tools\Binn;C:\Program Files\Microsoft SQL Server\120\DTS\Binn;C:\Program Files (x86)\Microsoft SQL Server\120\Tools\Binn\ManagementStudio;C:\Program Files (x86)\Microsoft SQL Server\120\DTS\Binn;C:\Program Files (x86)\Microsoft SQL Server\160\Tools\Binn;C:\Program Files\Microsoft SQL Server\160\Tools\Binn;C:\Program Files\Microsoft SQL Server\160\DTS\Binn;C:\Users\azhai\AppData\Local\Programs\cursor\resources\app\bin;C:\WINDOWS\system32;C:\WINDOWS;C:\WINDOWS\System32\Wbem;C:\WINDOWS\System32\WindowsPowerShell\v1.0;C:\WINDOWS\System32\OpenSSH;C:\wamp64\bin\php\php5.6.40C;C:\Program Files\Git\Program Files\Microsoft SQL Server\170\Tools\Binn;C:\Program Files\dotnet;C:\Program Files\Git\cmd;C:\xampp\php;C:\composer;C:\Program Files\nodejs;C:\Program Files\Erlang OTP\bin;C:\Program Files\RabbitMQ Server\rabbitmq_server-4.3.2\sbin;C:\Program Files (x86)\Microsoft SQL Server\170\Tools\Binn;C:\Program Files\Microsoft SQL Server\170\Tools\Binn;C:\Program Files\Microsoft SQL Server\Client SDK\ODBC\180\Tools\Binn;C:\Program Files\Microsoft SQL Server\170\DTS\Binn;C:\Users\azhai\AppData\Local\Volta\bin;C:\Users\azhai\AppData\Local\Yarn\config\global\node_modules\.bin;C:\Users\azhai\AppData\Roaming\Composer\vendor\bin;D:\laragon\bin;D:\laragon\bin\apache\httpd-2.4.54-win64-VS16\bin;D:\laragon\bin\composer;D:\laragon\bin\git\bin;D:\laragon\bin\git\cmd;D:\laragon\bin\git\mingw64\bin;D:\laragon\bin\git\usr\bin;D:\laragon\bin\laragon\utils;D:\laragon\bin\mysql\mysql-8.0.30-winx64\bin;D:\laragon\bin\nginx\nginx-1.22.0;D:\laragon\bin\ngrok;D:\laragon\bin\nodejs\node-v18;D:\laragon\bin\notepad++;D:\laragon\bin\php\php-8.3.31-nts-Win32-vs16-x64;D:\laragon\bin\python\python-3.10;D:\laragon\bin\python\python-3.10\Scripts;D:\laragon\bin\redis\redis-x64-5.0.14.1;D:\laragon\bin\telnet;D:\laragon\usr\bin;C:\Users\azhai\AppData\Local\Microsoft\WindowsApps;C:\Program Files\Azure Data Studio\bin;D:\Visual studio\Microsoft VS Code\bin;C:\Users\azhai\AppData\Local\GitHubDesktop\bin;C:\Program Files\dotnet;C:\Users\azhai\.dotnet\tools;C:\Users\azhai\.dotnet\tools;C:\Users\azhai\AppData\Roa;C:\Users\azhai\AppData\Roaming\npm;C:\Program Files\Git\usr\bin\vendor_perl;C:\Program Files\Git\usr\bin\core_perl;.]
07-Sep-2026 19:02:00.086 INFO [main] org.apache.coyote.AbstractProtocol.init Initializing ProtocolHandler ["http-nio-8080"]
07-Sep-2026 19:02:00.123 INFO [main] org.apache.catalina.startup.Catalina.load Server initialization in [791] milliseconds
07-Sep-2026 19:02:00.197 INFO [main] org.apache.catalina.core.StandardService.startInternal Starting service [Catalina]
07-Sep-2026 19:02:00.198 INFO [main] org.apache.catalina.core.StandardEngine.startInternal Starting Servlet engine: [Apache Tomcat/9.0.121]
07-Sep-2026 19:02:00.223 INFO [main] org.apache.catalina.startup.HostConfig.deployWAR Deploying web application archive [D:\JavaBean\tools\apache-tomcat-9.0.121\webapps\JavaBean.war]
07-Sep-2026 19:02:00.251 INFO [main] org.apache.catalina.startup.ExpandWar.expand An expanded directory [D:\JavaBean\tools\apache-tomcat-9.0.121\webapps\JavaBean] was found with a last modified time that did not match the associated WAR. It will be deleted.
07-Sep-2026 19:02:01.386 INFO [main] org.apache.jasper.servlet.TldScanner.scanJars At least one JAR was scanned for TLDs yet contained no TLDs. Enable debug logging for this logger for a complete list of JARs that were scanned but no TLDs were found in them. Skipping unneeded JARs during scanning can improve startup time and JSP compilation time.
07-Sep-2026 19:02:01.464 INFO [main] org.apache.catalina.startup.HostConfig.deployWAR Deployment of web application archive [D:\JavaBean\tools\apache-tomcat-9.0.121\webapps\JavaBean.war] has finished in [1,235] ms
07-Sep-2026 19:02:01.465 INFO [main] org.apache.catalina.startup.HostConfig.deployDirectory Deploying web application directory [D:\JavaBean\tools\apache-tomcat-9.0.121\webapps\docs]
07-Sep-2026 19:02:01.535 INFO [main] org.apache.catalina.startup.HostConfig.deployDirectory Deployment of web application directory [D:\JavaBean\tools\apache-tomcat-9.0.121\webapps\docs] has finished in [70] ms
07-Sep-2026 19:02:01.536 INFO [main] org.apache.catalina.startup.HostConfig.deployDirectory Deploying web application directory [D:\JavaBean\tools\apache-tomcat-9.0.121\webapps\examples]
07-Sep-2026 19:02:02.209 INFO [main] org.apache.catalina.startup.HostConfig.deployDirectory Deployment of web application directory [D:\JavaBean\tools\apache-tomcat-9.0.121\webapps\examples] has finished in [673] ms
07-Sep-2026 19:02:02.209 INFO [main] org.apache.catalina.startup.HostConfig.deployDirectory Deploying web application directory [D:\JavaBean\tools\apache-tomcat-9.0.121\webapps\host-manager]
07-Sep-2026 19:02:02.273 INFO [main] org.apache.catalina.startup.HostConfig.deployDirectory Deployment of web application directory [D:\JavaBean\tools\apache-tomcat-9.0.121\webapps\host-manager] has finished in [64] ms
07-Sep-2026 19:02:02.275 INFO [main] org.apache.catalina.startup.HostConfig.deployDirectory Deploying web application directory [D:\JavaBean\tools\apache-tomcat-9.0.121\webapps\manager]
07-Sep-2026 19:02:02.348 INFO [main] org.apache.catalina.startup.HostConfig.deployDirectory Deployment of web application directory [D:\JavaBean\tools\apache-tomcat-9.0.121\webapps\manager] has finished in [74] ms
07-Sep-2026 19:02:02.349 INFO [main] org.apache.catalina.startup.HostConfig.deployDirectory Deploying web application directory [D:\JavaBean\tools\apache-tomcat-9.0.121\webapps\ROOT]
07-Sep-2026 19:02:02.403 INFO [main] org.apache.catalina.startup.HostConfig.deployDirectory Deployment of web application directory [D:\JavaBean\tools\apache-tomcat-9.0.121\webapps\ROOT] has finished in [54] ms
07-Sep-2026 19:02:02.411 INFO [main] org.apache.coyote.AbstractProtocol.start Starting ProtocolHandler ["http-nio-8080"]
07-Sep-2026 19:02:02.452 INFO [main] org.apache.catalina.startup.Catalina.start Server startup in [2323] milliseconds
07-Sep-2026 19:17:41.600 INFO [main] org.apache.catalina.startup.VersionLoggerListener.log Server version name:   Apache Tomcat/9.0.121
07-Sep-2026 19:17:41.611 INFO [main] org.apache.catalina.startup.VersionLoggerListener.log Server built:          Aug 12 2026 19:38:16 UTC
07-Sep-2026 19:17:41.613 INFO [main] org.apache.catalina.startup.VersionLoggerListener.log Server version number: 9.0.121.0
07-Sep-2026 19:17:41.614 INFO [main] org.apache.catalina.startup.VersionLoggerListener.log OS Name:               Windows 11
07-Sep-2026 19:17:41.615 INFO [main] org.apache.catalina.startup.VersionLoggerListener.log OS Version:            10.0
07-Sep-2026 19:17:41.615 INFO [main] org.apache.catalina.startup.VersionLoggerListener.log Architecture:          amd64
07-Sep-2026 19:17:41.616 INFO [main] org.apache.catalina.startup.VersionLoggerListener.log Java Home:             C:\Program Files\Eclipse Adoptium\jdk-25.0.0.36-hotspot
07-Sep-2026 19:17:41.623 INFO [main] org.apache.catalina.startup.VersionLoggerListener.log JVM Version:           25+36-LTS
07-Sep-2026 19:17:41.625 INFO [main] org.apache.catalina.startup.VersionLoggerListener.log JVM Vendor:            Eclipse Adoptium
07-Sep-2026 19:17:41.627 INFO [main] org.apache.catalina.startup.VersionLoggerListener.log CATALINA_BASE:         D:\JavaBean\tools\apache-tomcat-9.0.121
07-Sep-2026 19:17:41.628 INFO [main] org.apache.catalina.startup.VersionLoggerListener.log CATALINA_HOME:         D:\JavaBean\tools\apache-tomcat-9.0.121
07-Sep-2026 19:17:41.656 INFO [main] org.apache.catalina.startup.VersionLoggerListener.log Command line argument: --add-opens=java.base/java.lang=ALL-UNNAMED
07-Sep-2026 19:17:41.660 INFO [main] org.apache.catalina.startup.VersionLoggerListener.log Command line argument: --add-opens=java.base/java.lang.invoke=ALL-UNNAMED
07-Sep-2026 19:17:41.662 INFO [main] org.apache.catalina.startup.VersionLoggerListener.log Command line argument: --add-opens=java.base/java.lang.reflect=ALL-UNNAMED
07-Sep-2026 19:17:41.662 INFO [main] org.apache.catalina.startup.VersionLoggerListener.log Command line argument: --add-opens=java.base/java.io=ALL-UNNAMED
07-Sep-2026 19:17:41.663 INFO [main] org.apache.catalina.startup.VersionLoggerListener.log Command line argument: --add-opens=java.base/java.util=ALL-UNNAMED
07-Sep-2026 19:17:41.664 INFO [main] org.apache.catalina.startup.VersionLoggerListener.log Command line argument: --add-opens=java.base/java.util.concurrent=ALL-UNNAMED
07-Sep-2026 19:17:41.665 INFO [main] org.apache.catalina.startup.VersionLoggerListener.log Command line argument: --add-opens=java.rmi/sun.rmi.transport=ALL-UNNAMED
07-Sep-2026 19:17:41.665 INFO [main] org.apache.catalina.startup.VersionLoggerListener.log Command line argument: -Djava.util.logging.config.file=D:/JavaBean/tools/apache-tomcat-9.0.121\conf\logging.properties
07-Sep-2026 19:17:41.666 INFO [main] org.apache.catalina.startup.VersionLoggerListener.log Command line argument: -Djava.util.logging.manager=org.apache.juli.ClassLoaderLogManager
07-Sep-2026 19:17:41.671 INFO [main] org.apache.catalina.startup.VersionLoggerListener.log Command line argument: -Djdk.tls.ephemeralDHKeySize=2048
07-Sep-2026 19:17:41.672 INFO [main] org.apache.catalina.startup.VersionLoggerListener.log Command line argument: -Djava.protocol.handler.pkgs=org.apache.catalina.webresources
07-Sep-2026 19:17:41.674 INFO [main] org.apache.catalina.startup.VersionLoggerListener.log Command line argument: -Dsun.io.useCanonCaches=false
07-Sep-2026 19:17:41.675 INFO [main] org.apache.catalina.startup.VersionLoggerListener.log Command line argument: -Dignore.endorsed.dirs=
07-Sep-2026 19:17:41.675 INFO [main] org.apache.catalina.startup.VersionLoggerListener.log Command line argument: -Dcatalina.base=D:/JavaBean/tools/apache-tomcat-9.0.121
07-Sep-2026 19:17:41.676 INFO [main] org.apache.catalina.startup.VersionLoggerListener.log Command line argument: -Dcatalina.home=D:/JavaBean/tools/apache-tomcat-9.0.121
07-Sep-2026 19:17:41.676 INFO [main] org.apache.catalina.startup.VersionLoggerListener.log Command line argument: -Djava.io.tmpdir=D:/JavaBean/tools/apache-tomcat-9.0.121\temp
07-Sep-2026 19:17:41.740 INFO [main] org.apache.catalina.core.AprLifecycleListener.lifecycleEvent The Apache Tomcat Native library which allows using OpenSSL was not found on the java.library.path: [C:\Program Files\Eclipse Adoptium\jdk-25.0.0.36-hotspot\bin;C:\WINDOWS\Sun\Java\bin;C:\WINDOWS\system32;C:\WINDOWS;C:\Users\azhai\bin;C:\Program Files\Git\mingw64\bin;C:\Program Files\Git\usr\local\bin;C:\Program Files\Git\usr\bin;C:\Program Files\Git\usr\bin;C:\Program Files\Git\mingw64\bin;C:\Program Files\Git\usr\bin;C:\Users\azhai\bin;C:\Users\azhai\AppData\Roaming\Code\User\globalStorage\github.copilot-chat\debugCommand;C:\Users\azhai\AppData\Roaming\Code\User\globalStorage\github.copilot-chat\copilotCli;C:\Program Files\Eclipse Adoptium\jdk-25.0.0.36-hotspot\bin;C:\WINDOWS\system32;C:\WINDOWS;C:\WINDOWS\System32\Wbem;C:\WINDOWS\System32\WindowsPowerShell\v1.0;C:\WINDOWS\System32\OpenSSH;C:\Program Files\Microsoft SQL Server\150\Tools\Binn;C:\Program Files\Microsoft SQL Server\Client SDK\ODBC\170\Tools\Binn;C:\Program Files (x86)\Microsoft SQL Server\150\Tools\Binn;C:\Program Files\Microsoft SQL Server\150\DTS\Binn;C:\Program Files\Azure Data Studio\bin;C:\Program Files\Microsoft SQL Server\120\Tools\Binn;C:\Program Files\Microsoft SQL Server\Client SDK\ODBC\110\Tools\Binn;C:\Program Files (x86)\Microsoft SQL Server\120\Tools\Binn;C:\Program Files\Microsoft SQL Server\120\DTS\Binn;C:\Program Files (x86)\Microsoft SQL Server\120\Tools\Binn\ManagementStudio;C:\Program Files (x86)\Microsoft SQL Server\120\DTS\Binn;C:\Program Files (x86)\Microsoft SQL Server\160\Tools\Binn;C:\Program Files\Microsoft SQL Server\160\Tools\Binn;C:\Program Files\Microsoft SQL Server\160\DTS\Binn;C:\Users\azhai\AppData\Local\Programs\cursor\resources\app\bin;C:\WINDOWS\system32;C:\WINDOWS;C:\WINDOWS\System32\Wbem;C:\WINDOWS\System32\WindowsPowerShell\v1.0;C:\WINDOWS\System32\OpenSSH;C:\wamp64\bin\php\php5.6.40C;C:\Program Files\Git\Program Files\Microsoft SQL Server\170\Tools\Binn;C:\Program Files\dotnet;C:\Program Files\Git\cmd;C:\xampp\php;C:\composer;C:\Program Files\nodejs;C:\Program Files\Erlang OTP\bin;C:\Program Files\RabbitMQ Server\rabbitmq_server-4.3.2\sbin;C:\Program Files (x86)\Microsoft SQL Server\170\Tools\Binn;C:\Program Files\Microsoft SQL Server\170\Tools\Binn;C:\Program Files\Microsoft SQL Server\Client SDK\ODBC\180\Tools\Binn;C:\Program Files\Microsoft SQL Server\170\DTS\Binn;C:\Users\azhai\AppData\Local\Volta\bin;C:\Users\azhai\AppData\Local\Yarn\config\global\node_modules\.bin;C:\Users\azhai\AppData\Roaming\Composer\vendor\bin;D:\laragon\bin;D:\laragon\bin\apache\httpd-2.4.54-win64-VS16\bin;D:\laragon\bin\composer;D:\laragon\bin\git\bin;D:\laragon\bin\git\cmd;D:\laragon\bin\git\mingw64\bin;D:\laragon\bin\git\usr\bin;D:\laragon\bin\laragon\utils;D:\laragon\bin\mysql\mysql-8.0.30-winx64\bin;D:\laragon\bin\nginx\nginx-1.22.0;D:\laragon\bin\ngrok;D:\laragon\bin\nodejs\node-v18;D:\laragon\bin\notepad++;D:\laragon\bin\php\php-8.3.31-nts-Win32-vs16-x64;D:\laragon\bin\python\python-3.10;D:\laragon\bin\python\python-3.10\Scripts;D:\laragon\bin\redis\redis-x64-5.0.14.1;D:\laragon\bin\telnet;D:\laragon\usr\bin;C:\Users\azhai\AppData\Local\Microsoft\WindowsApps;C:\Program Files\Azure Data Studio\bin;D:\Visual studio\Microsoft VS Code\bin;C:\Users\azhai\AppData\Local\GitHubDesktop\bin;C:\Program Files\dotnet;C:\Users\azhai\.dotnet\tools;C:\Users\azhai\.dotnet\tools;C:\Users\azhai\AppData\Roa;C:\Users\azhai\AppData\Roaming\npm;C:\Users\azhai\.vscode\extensions\vscjava.vscode-java-debug-0.59.0\bundled\scripts\noConfigScripts;C:\Program Files\Git\usr\bin\vendor_perl;C:\Program Files\Git\usr\bin\core_perl;.]
07-Sep-2026 19:17:42.535 INFO [main] org.apache.coyote.AbstractProtocol.init Initializing ProtocolHandler ["http-nio-8080"]
07-Sep-2026 19:17:42.575 SEVERE [main] org.apache.catalina.util.LifecycleBase.handleSubClassException Failed to initialize component [Connector["http-nio-8080"]]
	org.apache.catalina.LifecycleException: Protocol handler initialization failed
		at org.apache.catalina.connector.Connector.initInternal(Connector.java:1273)
		at org.apache.catalina.util.LifecycleBase.init(LifecycleBase.java:128)
		at org.apache.catalina.core.StandardService.initInternal(StandardService.java:543)
		at org.apache.catalina.util.LifecycleBase.init(LifecycleBase.java:128)
		at org.apache.catalina.core.StandardServer.initInternal(StandardServer.java:991)
		at org.apache.catalina.util.LifecycleBase.init(LifecycleBase.java:128)
		at org.apache.catalina.startup.Catalina.load(Catalina.java:810)
		at org.apache.catalina.startup.Catalina.load(Catalina.java:835)
		at java.base/jdk.internal.reflect.DirectMethodHandleAccessor.invoke(DirectMethodHandleAccessor.java:104)
		at java.base/java.lang.reflect.Method.invoke(Method.java:565)
		at org.apache.catalina.startup.Bootstrap.load(Bootstrap.java:305)
		at org.apache.catalina.startup.Bootstrap.main(Bootstrap.java:484)
	Caused by: java.net.BindException: Address already in use: bind
		at java.base/sun.nio.ch.Net.bind0(Native Method)
		at java.base/sun.nio.ch.Net.bind(Net.java:522)
		at java.base/sun.nio.ch.ServerSocketChannelImpl.netBind(ServerSocketChannelImpl.java:335)
		at java.base/sun.nio.ch.ServerSocketChannelImpl.bind(ServerSocketChannelImpl.java:297)
		at org.apache.tomcat.util.net.NioEndpoint.initServerSocket(NioEndpoint.java:525)
		at org.apache.tomcat.util.net.NioEndpoint.bind(NioEndpoint.java:409)
		at org.apache.tomcat.util.net.AbstractEndpoint.bindWithCleanup(AbstractEndpoint.java:1987)
		at org.apache.tomcat.util.net.AbstractEndpoint.init(AbstractEndpoint.java:2005)
		at org.apache.coyote.AbstractProtocol.init(AbstractProtocol.java:992)
		at org.apache.coyote.http11.AbstractHttp11Protocol.init(AbstractHttp11Protocol.java:93)
		at org.apache.catalina.connector.Connector.initInternal(Connector.java:1271)
		... 11 more
07-Sep-2026 19:17:42.579 INFO [main] org.apache.catalina.startup.Catalina.load Server initialization in [1633] milliseconds
07-Sep-2026 19:17:42.697 INFO [main] org.apache.catalina.core.StandardService.startInternal Starting service [Catalina]
07-Sep-2026 19:17:42.697 INFO [main] org.apache.catalina.core.StandardEngine.startInternal Starting Servlet engine: [Apache Tomcat/9.0.121]
07-Sep-2026 19:17:42.761 INFO [main] org.apache.catalina.startup.HostConfig.deployWAR Deploying web application archive [D:\JavaBean\tools\apache-tomcat-9.0.121\webapps\JavaBean.war]
07-Sep-2026 19:17:42.822 INFO [main] org.apache.catalina.startup.ExpandWar.expand An expanded directory [D:\JavaBean\tools\apache-tomcat-9.0.121\webapps\JavaBean] was found with a last modified time that did not match the associated WAR. It will be deleted.
07-Sep-2026 19:17:43.960 INFO [Catalina-utility-1] org.apache.catalina.startup.HostConfig.undeploy Undeploying context [/JavaBean]
07-Sep-2026 19:17:44.388 WARNING [Catalina-utility-1] org.apache.catalina.loader.WebappClassLoaderBase.clearReferencesJdbc The web application [JavaBean] registered the JDBC driver [com.mysql.cj.jdbc.Driver] but failed to unregister it when the web application was stopped. To prevent a memory leak, the JDBC Driver has been forcibly unregistered.
07-Sep-2026 19:17:44.404 WARNING [Catalina-utility-1] org.apache.catalina.loader.WebappClassLoaderBase.clearReferencesThreads The web application [JavaBean] appears to have started a thread named [mysql-cj-abandoned-connection-cleanup] but has failed to stop it. This is very likely to create a memory leak. Stack trace of thread:
 java.base/java.lang.Object.wait0(Native Method)
 java.base/java.lang.Object.wait(Object.java:389)
 java.base/java.lang.ref.ReferenceQueue.remove0(ReferenceQueue.java:123)
 java.base/java.lang.ref.ReferenceQueue.remove(ReferenceQueue.java:201)
 com.mysql.cj.jdbc.AbandonedConnectionCleanupThread.run(AbandonedConnectionCleanupThread.java:84)
 java.base/java.util.concurrent.ThreadPoolExecutor.runWorker(ThreadPoolExecutor.java:1090)
 java.base/java.util.concurrent.ThreadPoolExecutor$Worker.run(ThreadPoolExecutor.java:614)
 java.base/java.lang.Thread.run(Thread.java:1474)
07-Sep-2026 19:17:44.826 SEVERE [Catalina-utility-1] org.apache.catalina.startup.ExpandWar.deleteDir [D:\JavaBean\tools\apache-tomcat-9.0.121\webapps\JavaBean\WEB-INF\lib] could not be completely deleted. The presence of the remaining files may cause problems
07-Sep-2026 19:17:44.829 SEVERE [Catalina-utility-1] org.apache.catalina.startup.ExpandWar.deleteDir [D:\JavaBean\tools\apache-tomcat-9.0.121\webapps\JavaBean\WEB-INF] could not be completely deleted. The presence of the remaining files may cause problems
07-Sep-2026 19:17:44.835 SEVERE [Catalina-utility-1] org.apache.catalina.startup.ExpandWar.deleteDir [D:\JavaBean\tools\apache-tomcat-9.0.121\webapps\JavaBean] could not be completely deleted. The presence of the remaining files may cause problems
07-Sep-2026 19:17:44.841 SEVERE [Catalina-utility-1] org.apache.catalina.startup.ExpandWar.delete [D:\JavaBean\tools\apache-tomcat-9.0.121\webapps\JavaBean] could not be completely deleted. The presence of the remaining files may cause problems
07-Sep-2026 19:17:44.889 INFO [Catalina-utility-1] org.apache.catalina.startup.HostConfig.deployWAR Deploying web application archive [D:\JavaBean\tools\apache-tomcat-9.0.121\webapps\JavaBean.war]
07-Sep-2026 19:17:46.223 INFO [main] org.apache.jasper.servlet.TldScanner.scanJars At least one JAR was scanned for TLDs yet contained no TLDs. Enable debug logging for this logger for a complete list of JARs that were scanned but no TLDs were found in them. Skipping unneeded JARs during scanning can improve startup time and JSP compilation time.
07-Sep-2026 19:17:46.513 WARNING [main] org.apache.catalina.util.SessionIdGeneratorBase.createSecureRandom Creation of SecureRandom instance for session ID generation using [SHA1PRNG] took [105] milliseconds.
07-Sep-2026 19:17:46.588 INFO [main] org.apache.catalina.startup.HostConfig.deployWAR Deployment of web application archive [D:\JavaBean\tools\apache-tomcat-9.0.121\webapps\JavaBean.war] has finished in [3,827] ms
07-Sep-2026 19:17:46.591 INFO [main] org.apache.catalina.startup.HostConfig.deployDirectory Deploying web application directory [D:\JavaBean\tools\apache-tomcat-9.0.121\webapps\docs]
07-Sep-2026 19:17:46.856 INFO [main] org.apache.catalina.startup.HostConfig.deployDirectory Deployment of web application directory [D:\JavaBean\tools\apache-tomcat-9.0.121\webapps\docs] has finished in [265] ms
07-Sep-2026 19:17:46.864 INFO [main] org.apache.catalina.startup.HostConfig.deployDirectory Deploying web application directory [D:\JavaBean\tools\apache-tomcat-9.0.121\webapps\examples]
07-Sep-2026 19:17:47.469 INFO [mysql-cj-abandoned-connection-cleanup] org.apache.catalina.loader.WebappClassLoaderBase.checkStateForResourceLoading Illegal access: this web application instance has been stopped already. Could not load []. The following stack trace is thrown for debugging purposes as well as to attempt to terminate the thread which caused the illegal access.
	java.lang.IllegalStateException: Illegal access: this web application instance has been stopped already. Could not load []. The following stack trace is thrown for debugging purposes as well as to attempt to terminate the thread which caused the illegal access.
		at org.apache.catalina.loader.WebappClassLoaderBase.checkStateForResourceLoading(WebappClassLoaderBase.java:1474)
		at org.apache.catalina.loader.WebappClassLoaderBase.getResource(WebappClassLoaderBase.java:1077)
		at com.mysql.cj.jdbc.AbandonedConnectionCleanupThread.checkThreadContextClassLoader(AbandonedConnectionCleanupThread.java:116)
		at com.mysql.cj.jdbc.AbandonedConnectionCleanupThread.run(AbandonedConnectionCleanupThread.java:83)
		at java.base/java.util.concurrent.ThreadPoolExecutor.runWorker(ThreadPoolExecutor.java:1090)
		at java.base/java.util.concurrent.ThreadPoolExecutor$Worker.run(ThreadPoolExecutor.java:614)
		at java.base/java.lang.Thread.run(Thread.java:1474)
07-Sep-2026 19:17:49.301 INFO [main] org.apache.catalina.startup.HostConfig.deployDirectory Deployment of web application directory [D:\JavaBean\tools\apache-tomcat-9.0.121\webapps\examples] has finished in [2,434] ms
07-Sep-2026 19:17:49.308 INFO [main] org.apache.catalina.startup.HostConfig.deployDirectory Deploying web application directory [D:\JavaBean\tools\apache-tomcat-9.0.121\webapps\host-manager]
07-Sep-2026 19:17:49.746 INFO [main] org.apache.catalina.startup.HostConfig.deployDirectory Deployment of web application directory [D:\JavaBean\tools\apache-tomcat-9.0.121\webapps\host-manager] has finished in [436] ms
07-Sep-2026 19:17:49.789 INFO [main] org.apache.catalina.startup.HostConfig.deployDirectory Deploying web application directory [D:\JavaBean\tools\apache-tomcat-9.0.121\webapps\manager]
07-Sep-2026 19:17:50.053 INFO [main] org.apache.catalina.startup.HostConfig.deployDirectory Deployment of web application directory [D:\JavaBean\tools\apache-tomcat-9.0.121\webapps\manager] has finished in [263] ms
07-Sep-2026 19:17:50.060 INFO [main] org.apache.catalina.startup.HostConfig.deployDirectory Deploying web application directory [D:\JavaBean\tools\apache-tomcat-9.0.121\webapps\ROOT]
07-Sep-2026 19:17:50.181 INFO [main] org.apache.catalina.startup.HostConfig.deployDirectory Deployment of web application directory [D:\JavaBean\tools\apache-tomcat-9.0.121\webapps\ROOT] has finished in [121] ms
07-Sep-2026 19:17:50.203 INFO [main] org.apache.catalina.startup.Catalina.start Server startup in [7620] milliseconds
07-Sep-2026 19:17:50.342 SEVERE [main] org.apache.catalina.core.StandardServer.await Failed to create server shutdown socket on address [localhost] and port [8005] (base port [8005] and offset [0])
	java.net.BindException: Address already in use: bind
		at java.base/sun.nio.ch.Net.bind0(Native Method)
		at java.base/sun.nio.ch.Net.bind(Net.java:522)
		at java.base/sun.nio.ch.Net.bind(Net.java:511)
		at java.base/sun.nio.ch.NioSocketImpl.bind(NioSocketImpl.java:641)
		at java.base/java.net.ServerSocket.bind(ServerSocket.java:326)
		at java.base/java.net.ServerSocket.<init>(ServerSocket.java:222)
		at org.apache.catalina.core.StandardServer.await(StandardServer.java:540)
		at org.apache.catalina.startup.Catalina.await(Catalina.java:951)
		at org.apache.catalina.startup.Catalina.start(Catalina.java:899)
		at java.base/jdk.internal.reflect.DirectMethodHandleAccessor.invoke(DirectMethodHandleAccessor.java:104)
		at java.base/java.lang.reflect.Method.invoke(Method.java:565)
		at org.apache.catalina.startup.Bootstrap.start(Bootstrap.java:348)
		at org.apache.catalina.startup.Bootstrap.main(Bootstrap.java:485)
07-Sep-2026 19:17:50.390 INFO [main] org.apache.coyote.AbstractProtocol.pause Pausing ProtocolHandler ["http-nio-8080"]
07-Sep-2026 19:17:50.416 INFO [main] org.apache.catalina.core.StandardService.stopInternal Stopping service [Catalina]
07-Sep-2026 19:17:50.511 INFO [main] org.apache.coyote.AbstractProtocol.stop Stopping ProtocolHandler ["http-nio-8080"]
07-Sep-2026 19:17:50.514 INFO [main] org.apache.coyote.AbstractProtocol.destroy Destroying ProtocolHandler ["http-nio-8080"]
07-Sep-2026 19:17:50.787 INFO [Catalina-utility-1] org.apache.jasper.servlet.TldScanner.scanJars At least one JAR was scanned for TLDs yet contained no TLDs. Enable debug logging for this logger for a complete list of JARs that were scanned but no TLDs were found in them. Skipping unneeded JARs during scanning can improve startup time and JSP compilation time.
07-Sep-2026 19:17:50.800 INFO [Catalina-utility-1] org.apache.catalina.startup.HostConfig.deployWAR Deployment of web application archive [D:\JavaBean\tools\apache-tomcat-9.0.121\webapps\JavaBean.war] has finished in [5,919] ms
07-Sep-2026 19:22:24.913 INFO [main] org.apache.catalina.startup.VersionLoggerListener.log Server version name:   Apache Tomcat/9.0.121
07-Sep-2026 19:22:24.918 INFO [main] org.apache.catalina.startup.VersionLoggerListener.log Server built:          Aug 12 2026 19:38:16 UTC
07-Sep-2026 19:22:24.919 INFO [main] org.apache.catalina.startup.VersionLoggerListener.log Server version number: 9.0.121.0
07-Sep-2026 19:22:24.920 INFO [main] org.apache.catalina.startup.VersionLoggerListener.log OS Name:               Windows 11
07-Sep-2026 19:22:24.920 INFO [main] org.apache.catalina.startup.VersionLoggerListener.log OS Version:            10.0
07-Sep-2026 19:22:24.922 INFO [main] org.apache.catalina.startup.VersionLoggerListener.log Architecture:          amd64
07-Sep-2026 19:22:24.922 INFO [main] org.apache.catalina.startup.VersionLoggerListener.log Java Home:             C:\Program Files\Eclipse Adoptium\jdk-25.0.0.36-hotspot
07-Sep-2026 19:22:24.923 INFO [main] org.apache.catalina.startup.VersionLoggerListener.log JVM Version:           25+36-LTS
07-Sep-2026 19:22:24.923 INFO [main] org.apache.catalina.startup.VersionLoggerListener.log JVM Vendor:            Eclipse Adoptium
07-Sep-2026 19:22:24.924 INFO [main] org.apache.catalina.startup.VersionLoggerListener.log CATALINA_BASE:         D:\JavaBean\tools\apache-tomcat-9.0.121
07-Sep-2026 19:22:24.926 INFO [main] org.apache.catalina.startup.VersionLoggerListener.log CATALINA_HOME:         D:\JavaBean\tools\apache-tomcat-9.0.121
07-Sep-2026 19:22:24.975 INFO [main] org.apache.catalina.startup.VersionLoggerListener.log Command line argument: --add-opens=java.base/java.lang=ALL-UNNAMED
07-Sep-2026 19:22:24.991 INFO [main] org.apache.catalina.startup.VersionLoggerListener.log Command line argument: --add-opens=java.base/java.lang.invoke=ALL-UNNAMED
07-Sep-2026 19:22:24.996 INFO [main] org.apache.catalina.startup.VersionLoggerListener.log Command line argument: --add-opens=java.base/java.lang.reflect=ALL-UNNAMED
07-Sep-2026 19:22:24.997 INFO [main] org.apache.catalina.startup.VersionLoggerListener.log Command line argument: --add-opens=java.base/java.io=ALL-UNNAMED
07-Sep-2026 19:22:24.998 INFO [main] org.apache.catalina.startup.VersionLoggerListener.log Command line argument: --add-opens=java.base/java.util=ALL-UNNAMED
07-Sep-2026 19:22:24.998 INFO [main] org.apache.catalina.startup.VersionLoggerListener.log Command line argument: --add-opens=java.base/java.util.concurrent=ALL-UNNAMED
07-Sep-2026 19:22:25.012 INFO [main] org.apache.catalina.startup.VersionLoggerListener.log Command line argument: --add-opens=java.rmi/sun.rmi.transport=ALL-UNNAMED
07-Sep-2026 19:22:25.015 INFO [main] org.apache.catalina.startup.VersionLoggerListener.log Command line argument: -Djava.util.logging.config.file=D:/JavaBean/tools/apache-tomcat-9.0.121\conf\logging.properties
07-Sep-2026 19:22:25.018 INFO [main] org.apache.catalina.startup.VersionLoggerListener.log Command line argument: -Djava.util.logging.manager=org.apache.juli.ClassLoaderLogManager
07-Sep-2026 19:22:25.034 INFO [main] org.apache.catalina.startup.VersionLoggerListener.log Command line argument: -Djdk.tls.ephemeralDHKeySize=2048
07-Sep-2026 19:22:25.040 INFO [main] org.apache.catalina.startup.VersionLoggerListener.log Command line argument: -Djava.protocol.handler.pkgs=org.apache.catalina.webresources
07-Sep-2026 19:22:25.041 INFO [main] org.apache.catalina.startup.VersionLoggerListener.log Command line argument: -Dsun.io.useCanonCaches=false
07-Sep-2026 19:22:25.042 INFO [main] org.apache.catalina.startup.VersionLoggerListener.log Command line argument: -Dignore.endorsed.dirs=
07-Sep-2026 19:22:25.044 INFO [main] org.apache.catalina.startup.VersionLoggerListener.log Command line argument: -Dcatalina.base=D:/JavaBean/tools/apache-tomcat-9.0.121
07-Sep-2026 19:22:25.044 INFO [main] org.apache.catalina.startup.VersionLoggerListener.log Command line argument: -Dcatalina.home=D:/JavaBean/tools/apache-tomcat-9.0.121
07-Sep-2026 19:22:25.045 INFO [main] org.apache.catalina.startup.VersionLoggerListener.log Command line argument: -Djava.io.tmpdir=D:/JavaBean/tools/apache-tomcat-9.0.121\temp
07-Sep-2026 19:22:25.099 INFO [main] org.apache.catalina.core.AprLifecycleListener.lifecycleEvent The Apache Tomcat Native library which allows using OpenSSL was not found on the java.library.path: [C:\Program Files\Eclipse Adoptium\jdk-25.0.0.36-hotspot\bin;C:\WINDOWS\Sun\Java\bin;C:\WINDOWS\system32;C:\WINDOWS;C:\Users\azhai\bin;C:\Program Files\Git\mingw64\bin;C:\Program Files\Git\usr\local\bin;C:\Program Files\Git\usr\bin;C:\Program Files\Git\usr\bin;C:\Program Files\Git\mingw64\bin;C:\Program Files\Git\usr\bin;C:\Users\azhai\bin;C:\Users\azhai\AppData\Roaming\Code\User\globalStorage\github.copilot-chat\debugCommand;C:\Users\azhai\AppData\Roaming\Code\User\globalStorage\github.copilot-chat\copilotCli;C:\Program Files\Eclipse Adoptium\jdk-25.0.0.36-hotspot\bin;C:\WINDOWS\system32;C:\WINDOWS;C:\WINDOWS\System32\Wbem;C:\WINDOWS\System32\WindowsPowerShell\v1.0;C:\WINDOWS\System32\OpenSSH;C:\Program Files\Microsoft SQL Server\150\Tools\Binn;C:\Program Files\Microsoft SQL Server\Client SDK\ODBC\170\Tools\Binn;C:\Program Files (x86)\Microsoft SQL Server\150\Tools\Binn;C:\Program Files\Microsoft SQL Server\150\DTS\Binn;C:\Program Files\Azure Data Studio\bin;C:\Program Files\Microsoft SQL Server\120\Tools\Binn;C:\Program Files\Microsoft SQL Server\Client SDK\ODBC\110\Tools\Binn;C:\Program Files (x86)\Microsoft SQL Server\120\Tools\Binn;C:\Program Files\Microsoft SQL Server\120\DTS\Binn;C:\Program Files (x86)\Microsoft SQL Server\120\Tools\Binn\ManagementStudio;C:\Program Files (x86)\Microsoft SQL Server\120\DTS\Binn;C:\Program Files (x86)\Microsoft SQL Server\160\Tools\Binn;C:\Program Files\Microsoft SQL Server\160\Tools\Binn;C:\Program Files\Microsoft SQL Server\160\DTS\Binn;C:\Users\azhai\AppData\Local\Programs\cursor\resources\app\bin;C:\WINDOWS\system32;C:\WINDOWS;C:\WINDOWS\System32\Wbem;C:\WINDOWS\System32\WindowsPowerShell\v1.0;C:\WINDOWS\System32\OpenSSH;C:\wamp64\bin\php\php5.6.40C;C:\Program Files\Git\Program Files\Microsoft SQL Server\170\Tools\Binn;C:\Program Files\dotnet;C:\Program Files\Git\cmd;C:\xampp\php;C:\composer;C:\Program Files\nodejs;C:\Program Files\Erlang OTP\bin;C:\Program Files\RabbitMQ Server\rabbitmq_server-4.3.2\sbin;C:\Program Files (x86)\Microsoft SQL Server\170\Tools\Binn;C:\Program Files\Microsoft SQL Server\170\Tools\Binn;C:\Program Files\Microsoft SQL Server\Client SDK\ODBC\180\Tools\Binn;C:\Program Files\Microsoft SQL Server\170\DTS\Binn;C:\Users\azhai\AppData\Local\Volta\bin;C:\Users\azhai\AppData\Local\Yarn\config\global\node_modules\.bin;C:\Users\azhai\AppData\Roaming\Composer\vendor\bin;D:\laragon\bin;D:\laragon\bin\apache\httpd-2.4.54-win64-VS16\bin;D:\laragon\bin\composer;D:\laragon\bin\git\bin;D:\laragon\bin\git\cmd;D:\laragon\bin\git\mingw64\bin;D:\laragon\bin\git\usr\bin;D:\laragon\bin\laragon\utils;D:\laragon\bin\mysql\mysql-8.0.30-winx64\bin;D:\laragon\bin\nginx\nginx-1.22.0;D:\laragon\bin\ngrok;D:\laragon\bin\nodejs\node-v18;D:\laragon\bin\notepad++;D:\laragon\bin\php\php-8.3.31-nts-Win32-vs16-x64;D:\laragon\bin\python\python-3.10;D:\laragon\bin\python\python-3.10\Scripts;D:\laragon\bin\redis\redis-x64-5.0.14.1;D:\laragon\bin\telnet;D:\laragon\usr\bin;C:\Users\azhai\AppData\Local\Microsoft\WindowsApps;C:\Program Files\Azure Data Studio\bin;D:\Visual studio\Microsoft VS Code\bin;C:\Users\azhai\AppData\Local\GitHubDesktop\bin;C:\Program Files\dotnet;C:\Users\azhai\.dotnet\tools;C:\Users\azhai\.dotnet\tools;C:\Users\azhai\AppData\Roa;C:\Users\azhai\AppData\Roaming\npm;C:\Users\azhai\.vscode\extensions\vscjava.vscode-java-debug-0.59.0\bundled\scripts\noConfigScripts;C:\Program Files\Git\usr\bin\vendor_perl;C:\Program Files\Git\usr\bin\core_perl;.]
07-Sep-2026 19:22:25.754 INFO [main] org.apache.coyote.AbstractProtocol.init Initializing ProtocolHandler ["http-nio-8080"]
07-Sep-2026 19:22:25.823 INFO [main] org.apache.catalina.startup.Catalina.load Server initialization in [1289] milliseconds
07-Sep-2026 19:22:25.936 INFO [main] org.apache.catalina.core.StandardService.startInternal Starting service [Catalina]
07-Sep-2026 19:22:25.936 INFO [main] org.apache.catalina.core.StandardEngine.startInternal Starting Servlet engine: [Apache Tomcat/9.0.121]
07-Sep-2026 19:22:25.973 INFO [main] org.apache.catalina.startup.HostConfig.deployWAR Deploying web application archive [D:\JavaBean\tools\apache-tomcat-9.0.121\webapps\JavaBean.war]
07-Sep-2026 19:22:27.424 INFO [main] org.apache.jasper.servlet.TldScanner.scanJars At least one JAR was scanned for TLDs yet contained no TLDs. Enable debug logging for this logger for a complete list of JARs that were scanned but no TLDs were found in them. Skipping unneeded JARs during scanning can improve startup time and JSP compilation time.
07-Sep-2026 19:22:27.566 INFO [main] org.apache.catalina.startup.HostConfig.deployWAR Deployment of web application archive [D:\JavaBean\tools\apache-tomcat-9.0.121\webapps\JavaBean.war] has finished in [1,584] ms
07-Sep-2026 19:22:27.569 INFO [main] org.apache.catalina.startup.HostConfig.deployDirectory Deploying web application directory [D:\JavaBean\tools\apache-tomcat-9.0.121\webapps\docs]
07-Sep-2026 19:22:27.653 INFO [main] org.apache.catalina.startup.HostConfig.deployDirectory Deployment of web application directory [D:\JavaBean\tools\apache-tomcat-9.0.121\webapps\docs] has finished in [84] ms
07-Sep-2026 19:22:27.654 INFO [main] org.apache.catalina.startup.HostConfig.deployDirectory Deploying web application directory [D:\JavaBean\tools\apache-tomcat-9.0.121\webapps\examples]
07-Sep-2026 19:22:28.863 INFO [main] org.apache.catalina.startup.HostConfig.deployDirectory Deployment of web application directory [D:\JavaBean\tools\apache-tomcat-9.0.121\webapps\examples] has finished in [1,208] ms
07-Sep-2026 19:22:28.867 INFO [main] org.apache.catalina.startup.HostConfig.deployDirectory Deploying web application directory [D:\JavaBean\tools\apache-tomcat-9.0.121\webapps\host-manager]
07-Sep-2026 19:22:29.000 INFO [main] org.apache.catalina.startup.HostConfig.deployDirectory Deployment of web application directory [D:\JavaBean\tools\apache-tomcat-9.0.121\webapps\host-manager] has finished in [135] ms
07-Sep-2026 19:22:29.002 INFO [main] org.apache.catalina.startup.HostConfig.deployDirectory Deploying web application directory [D:\JavaBean\tools\apache-tomcat-9.0.121\webapps\manager]
07-Sep-2026 19:22:29.100 INFO [main] org.apache.catalina.startup.HostConfig.deployDirectory Deployment of web application directory [D:\JavaBean\tools\apache-tomcat-9.0.121\webapps\manager] has finished in [98] ms
07-Sep-2026 19:22:29.101 INFO [main] org.apache.catalina.startup.HostConfig.deployDirectory Deploying web application directory [D:\JavaBean\tools\apache-tomcat-9.0.121\webapps\ROOT]
07-Sep-2026 19:22:29.310 INFO [main] org.apache.catalina.startup.HostConfig.deployDirectory Deployment of web application directory [D:\JavaBean\tools\apache-tomcat-9.0.121\webapps\ROOT] has finished in [208] ms
07-Sep-2026 19:22:29.326 INFO [main] org.apache.coyote.AbstractProtocol.start Starting ProtocolHandler ["http-nio-8080"]
07-Sep-2026 19:22:29.407 INFO [main] org.apache.catalina.startup.Catalina.start Server startup in [3577] milliseconds
07-Sep-2026 19:23:58.783 INFO [main] org.apache.catalina.core.StandardServer.await A valid shutdown command was received via the shutdown port. Stopping the Server instance.
07-Sep-2026 19:23:58.788 INFO [main] org.apache.coyote.AbstractProtocol.pause Pausing ProtocolHandler ["http-nio-8080"]
07-Sep-2026 19:23:58.860 INFO [main] org.apache.catalina.core.StandardService.stopInternal Stopping service [Catalina]
07-Sep-2026 19:23:58.995 INFO [main] org.apache.coyote.AbstractProtocol.stop Stopping ProtocolHandler ["http-nio-8080"]
07-Sep-2026 19:23:59.027 INFO [main] org.apache.coyote.AbstractProtocol.destroy Destroying ProtocolHandler ["http-nio-8080"]
07-Sep-2026 19:24:19.488 INFO [main] org.apache.catalina.startup.VersionLoggerListener.log Server version name:   Apache Tomcat/9.0.121
07-Sep-2026 19:24:19.499 INFO [main] org.apache.catalina.startup.VersionLoggerListener.log Server built:          Aug 12 2026 19:38:16 UTC
07-Sep-2026 19:24:19.502 INFO [main] org.apache.catalina.startup.VersionLoggerListener.log Server version number: 9.0.121.0
07-Sep-2026 19:24:19.503 INFO [main] org.apache.catalina.startup.VersionLoggerListener.log OS Name:               Windows 11
07-Sep-2026 19:24:19.505 INFO [main] org.apache.catalina.startup.VersionLoggerListener.log OS Version:            10.0
07-Sep-2026 19:24:19.506 INFO [main] org.apache.catalina.startup.VersionLoggerListener.log Architecture:          amd64
07-Sep-2026 19:24:19.513 INFO [main] org.apache.catalina.startup.VersionLoggerListener.log Java Home:             C:\Program Files\Eclipse Adoptium\jdk-25.0.0.36-hotspot
07-Sep-2026 19:24:19.514 INFO [main] org.apache.catalina.startup.VersionLoggerListener.log JVM Version:           25+36-LTS
07-Sep-2026 19:24:19.515 INFO [main] org.apache.catalina.startup.VersionLoggerListener.log JVM Vendor:            Eclipse Adoptium
07-Sep-2026 19:24:19.515 INFO [main] org.apache.catalina.startup.VersionLoggerListener.log CATALINA_BASE:         D:\JavaBean\tools\apache-tomcat-9.0.121
07-Sep-2026 19:24:19.517 INFO [main] org.apache.catalina.startup.VersionLoggerListener.log CATALINA_HOME:         D:\JavaBean\tools\apache-tomcat-9.0.121
07-Sep-2026 19:24:19.552 INFO [main] org.apache.catalina.startup.VersionLoggerListener.log Command line argument: --add-opens=java.base/java.lang=ALL-UNNAMED
07-Sep-2026 19:24:19.553 INFO [main] org.apache.catalina.startup.VersionLoggerListener.log Command line argument: --add-opens=java.base/java.lang.invoke=ALL-UNNAMED
07-Sep-2026 19:24:19.554 INFO [main] org.apache.catalina.startup.VersionLoggerListener.log Command line argument: --add-opens=java.base/java.lang.reflect=ALL-UNNAMED
07-Sep-2026 19:24:19.555 INFO [main] org.apache.catalina.startup.VersionLoggerListener.log Command line argument: --add-opens=java.base/java.io=ALL-UNNAMED
07-Sep-2026 19:24:19.561 INFO [main] org.apache.catalina.startup.VersionLoggerListener.log Command line argument: --add-opens=java.base/java.util=ALL-UNNAMED
07-Sep-2026 19:24:19.563 INFO [main] org.apache.catalina.startup.VersionLoggerListener.log Command line argument: --add-opens=java.base/java.util.concurrent=ALL-UNNAMED
07-Sep-2026 19:24:19.564 INFO [main] org.apache.catalina.startup.VersionLoggerListener.log Command line argument: --add-opens=java.rmi/sun.rmi.transport=ALL-UNNAMED
07-Sep-2026 19:24:19.566 INFO [main] org.apache.catalina.startup.VersionLoggerListener.log Command line argument: -Djava.util.logging.config.file=D:\JavaBean\tools\apache-tomcat-9.0.121\conf\logging.properties
07-Sep-2026 19:24:19.567 INFO [main] org.apache.catalina.startup.VersionLoggerListener.log Command line argument: -Djava.util.logging.manager=org.apache.juli.ClassLoaderLogManager
07-Sep-2026 19:24:19.568 INFO [main] org.apache.catalina.startup.VersionLoggerListener.log Command line argument: -Djdk.tls.ephemeralDHKeySize=2048
07-Sep-2026 19:24:19.568 INFO [main] org.apache.catalina.startup.VersionLoggerListener.log Command line argument: -Djava.protocol.handler.pkgs=org.apache.catalina.webresources
07-Sep-2026 19:24:19.569 INFO [main] org.apache.catalina.startup.VersionLoggerListener.log Command line argument: -Dsun.io.useCanonCaches=false
07-Sep-2026 19:24:19.569 INFO [main] org.apache.catalina.startup.VersionLoggerListener.log Command line argument: -Dignore.endorsed.dirs=
07-Sep-2026 19:24:19.570 INFO [main] org.apache.catalina.startup.VersionLoggerListener.log Command line argument: -Dcatalina.base=D:\JavaBean\tools\apache-tomcat-9.0.121
07-Sep-2026 19:24:19.571 INFO [main] org.apache.catalina.startup.VersionLoggerListener.log Command line argument: -Dcatalina.home=D:\JavaBean\tools\apache-tomcat-9.0.121
07-Sep-2026 19:24:19.572 INFO [main] org.apache.catalina.startup.VersionLoggerListener.log Command line argument: -Djava.io.tmpdir=D:\JavaBean\tools\apache-tomcat-9.0.121\temp
07-Sep-2026 19:24:19.668 INFO [main] org.apache.catalina.core.AprLifecycleListener.lifecycleEvent The Apache Tomcat Native library which allows using OpenSSL was not found on the java.library.path: [C:\Program Files\Eclipse Adoptium\jdk-25.0.0.36-hotspot\bin;C:\WINDOWS\Sun\Java\bin;C:\WINDOWS\system32;C:\WINDOWS;C:\Users\azhai\bin;C:\Program Files\Git\mingw64\bin;C:\Program Files\Git\usr\local\bin;C:\Program Files\Git\usr\bin;C:\Program Files\Git\usr\bin;C:\Program Files\Git\mingw64\bin;C:\Program Files\Git\usr\bin;C:\Users\azhai\bin;C:\Users\azhai\AppData\Roaming\Code\User\globalStorage\github.copilot-chat\debugCommand;C:\Users\azhai\AppData\Roaming\Code\User\globalStorage\github.copilot-chat\copilotCli;C:\Program Files\Eclipse Adoptium\jdk-25.0.0.36-hotspot\bin;C:\WINDOWS\system32;C:\WINDOWS;C:\WINDOWS\System32\Wbem;C:\WINDOWS\System32\WindowsPowerShell\v1.0;C:\WINDOWS\System32\OpenSSH;C:\Program Files\Microsoft SQL Server\150\Tools\Binn;C:\Program Files\Microsoft SQL Server\Client SDK\ODBC\170\Tools\Binn;C:\Program Files (x86)\Microsoft SQL Server\150\Tools\Binn;C:\Program Files\Microsoft SQL Server\150\DTS\Binn;C:\Program Files\Azure Data Studio\bin;C:\Program Files\Microsoft SQL Server\120\Tools\Binn;C:\Program Files\Microsoft SQL Server\Client SDK\ODBC\110\Tools\Binn;C:\Program Files (x86)\Microsoft SQL Server\120\Tools\Binn;C:\Program Files\Microsoft SQL Server\120\DTS\Binn;C:\Program Files (x86)\Microsoft SQL Server\120\Tools\Binn\ManagementStudio;C:\Program Files (x86)\Microsoft SQL Server\120\DTS\Binn;C:\Program Files (x86)\Microsoft SQL Server\160\Tools\Binn;C:\Program Files\Microsoft SQL Server\160\Tools\Binn;C:\Program Files\Microsoft SQL Server\160\DTS\Binn;C:\Users\azhai\AppData\Local\Programs\cursor\resources\app\bin;C:\WINDOWS\system32;C:\WINDOWS;C:\WINDOWS\System32\Wbem;C:\WINDOWS\System32\WindowsPowerShell\v1.0;C:\WINDOWS\System32\OpenSSH;C:\wamp64\bin\php\php5.6.40C;C:\Program Files\Git\Program Files\Microsoft SQL Server\170\Tools\Binn;C:\Program Files\dotnet;C:\Program Files\Git\cmd;C:\xampp\php;C:\composer;C:\Program Files\nodejs;C:\Program Files\Erlang OTP\bin;C:\Program Files\RabbitMQ Server\rabbitmq_server-4.3.2\sbin;C:\Program Files (x86)\Microsoft SQL Server\170\Tools\Binn;C:\Program Files\Microsoft SQL Server\170\Tools\Binn;C:\Program Files\Microsoft SQL Server\Client SDK\ODBC\180\Tools\Binn;C:\Program Files\Microsoft SQL Server\170\DTS\Binn;C:\Users\azhai\AppData\Local\Volta\bin;C:\Users\azhai\AppData\Local\Yarn\config\global\node_modules\.bin;C:\Users\azhai\AppData\Roaming\Composer\vendor\bin;D:\laragon\bin;D:\laragon\bin\apache\httpd-2.4.54-win64-VS16\bin;D:\laragon\bin\composer;D:\laragon\bin\git\bin;D:\laragon\bin\git\cmd;D:\laragon\bin\git\mingw64\bin;D:\laragon\bin\git\usr\bin;D:\laragon\bin\laragon\utils;D:\laragon\bin\mysql\mysql-8.0.30-winx64\bin;D:\laragon\bin\nginx\nginx-1.22.0;D:\laragon\bin\ngrok;D:\laragon\bin\nodejs\node-v18;D:\laragon\bin\notepad++;D:\laragon\bin\php\php-8.3.31-nts-Win32-vs16-x64;D:\laragon\bin\python\python-3.10;D:\laragon\bin\python\python-3.10\Scripts;D:\laragon\bin\redis\redis-x64-5.0.14.1;D:\laragon\bin\telnet;D:\laragon\usr\bin;C:\Users\azhai\AppData\Local\Microsoft\WindowsApps;C:\Program Files\Azure Data Studio\bin;D:\Visual studio\Microsoft VS Code\bin;C:\Users\azhai\AppData\Local\GitHubDesktop\bin;C:\Program Files\dotnet;C:\Users\azhai\.dotnet\tools;C:\Users\azhai\.dotnet\tools;C:\Users\azhai\AppData\Roa;C:\Users\azhai\AppData\Roaming\npm;C:\Users\azhai\.vscode\extensions\vscjava.vscode-java-debug-0.59.0\bundled\scripts\noConfigScripts;C:\Program Files\Git\usr\bin\vendor_perl;C:\Program Files\Git\usr\bin\core_perl;.]
07-Sep-2026 19:24:20.936 INFO [main] org.apache.coyote.AbstractProtocol.init Initializing ProtocolHandler ["http-nio-8080"]
07-Sep-2026 19:24:21.031 INFO [main] org.apache.catalina.startup.Catalina.load Server initialization in [2325] milliseconds
07-Sep-2026 19:24:21.246 INFO [main] org.apache.catalina.core.StandardService.startInternal Starting service [Catalina]
07-Sep-2026 19:24:21.248 INFO [main] org.apache.catalina.core.StandardEngine.startInternal Starting Servlet engine: [Apache Tomcat/9.0.121]
07-Sep-2026 19:24:21.324 INFO [main] org.apache.catalina.startup.HostConfig.deployWAR Deploying web application archive [D:\JavaBean\tools\apache-tomcat-9.0.121\webapps\JavaBean.war]
07-Sep-2026 19:24:25.998 INFO [main] org.apache.jasper.servlet.TldScanner.scanJars At least one JAR was scanned for TLDs yet contained no TLDs. Enable debug logging for this logger for a complete list of JARs that were scanned but no TLDs were found in them. Skipping unneeded JARs during scanning can improve startup time and JSP compilation time.
07-Sep-2026 19:24:26.207 INFO [main] org.apache.catalina.startup.HostConfig.deployWAR Deployment of web application archive [D:\JavaBean\tools\apache-tomcat-9.0.121\webapps\JavaBean.war] has finished in [4,874] ms
07-Sep-2026 19:24:26.209 INFO [main] org.apache.catalina.startup.HostConfig.deployDirectory Deploying web application directory [D:\JavaBean\tools\apache-tomcat-9.0.121\webapps\docs]
07-Sep-2026 19:24:26.323 INFO [main] org.apache.catalina.startup.HostConfig.deployDirectory Deployment of web application directory [D:\JavaBean\tools\apache-tomcat-9.0.121\webapps\docs] has finished in [114] ms
07-Sep-2026 19:24:26.325 INFO [main] org.apache.catalina.startup.HostConfig.deployDirectory Deploying web application directory [D:\JavaBean\tools\apache-tomcat-9.0.121\webapps\examples]
07-Sep-2026 19:24:28.203 INFO [main] org.apache.catalina.startup.HostConfig.deployDirectory Deployment of web application directory [D:\JavaBean\tools\apache-tomcat-9.0.121\webapps\examples] has finished in [1,878] ms
07-Sep-2026 19:24:28.204 INFO [main] org.apache.catalina.startup.HostConfig.deployDirectory Deploying web application directory [D:\JavaBean\tools\apache-tomcat-9.0.121\webapps\host-manager]
07-Sep-2026 19:24:28.365 INFO [main] org.apache.catalina.startup.HostConfig.deployDirectory Deployment of web application directory [D:\JavaBean\tools\apache-tomcat-9.0.121\webapps\host-manager] has finished in [160] ms
07-Sep-2026 19:24:28.369 INFO [main] org.apache.catalina.startup.HostConfig.deployDirectory Deploying web application directory [D:\JavaBean\tools\apache-tomcat-9.0.121\webapps\manager]
07-Sep-2026 19:24:28.550 INFO [main] org.apache.catalina.startup.HostConfig.deployDirectory Deployment of web application directory [D:\JavaBean\tools\apache-tomcat-9.0.121\webapps\manager] has finished in [182] ms
07-Sep-2026 19:24:28.551 INFO [main] org.apache.catalina.startup.HostConfig.deployDirectory Deploying web application directory [D:\JavaBean\tools\apache-tomcat-9.0.121\webapps\ROOT]
07-Sep-2026 19:24:28.622 INFO [main] org.apache.catalina.startup.HostConfig.deployDirectory Deployment of web application directory [D:\JavaBean\tools\apache-tomcat-9.0.121\webapps\ROOT] has finished in [71] ms
07-Sep-2026 19:24:28.637 INFO [main] org.apache.coyote.AbstractProtocol.start Starting ProtocolHandler ["http-nio-8080"]
07-Sep-2026 19:24:28.755 INFO [main] org.apache.catalina.startup.Catalina.start Server startup in [7705] milliseconds
07-Sep-2026 19:25:19.104 INFO [Catalina-utility-2] org.apache.catalina.startup.HostConfig.undeploy Undeploying context [/JavaBean]
07-Sep-2026 19:25:19.153 WARNING [Catalina-utility-2] org.apache.catalina.loader.WebappClassLoaderBase.clearReferencesJdbc The web application [JavaBean] registered the JDBC driver [com.mysql.cj.jdbc.Driver] but failed to unregister it when the web application was stopped. To prevent a memory leak, the JDBC Driver has been forcibly unregistered.
07-Sep-2026 19:25:19.154 WARNING [Catalina-utility-2] org.apache.catalina.loader.WebappClassLoaderBase.clearReferencesThreads The web application [JavaBean] appears to have started a thread named [mysql-cj-abandoned-connection-cleanup] but has failed to stop it. This is very likely to create a memory leak. Stack trace of thread:
 java.base/java.lang.Object.wait0(Native Method)
 java.base/java.lang.Object.wait(Object.java:389)
 java.base/java.lang.ref.ReferenceQueue.remove0(ReferenceQueue.java:123)
 java.base/java.lang.ref.ReferenceQueue.remove(ReferenceQueue.java:201)
 com.mysql.cj.jdbc.AbandonedConnectionCleanupThread.run(AbandonedConnectionCleanupThread.java:84)
 java.base/java.util.concurrent.ThreadPoolExecutor.runWorker(ThreadPoolExecutor.java:1090)
 java.base/java.util.concurrent.ThreadPoolExecutor$Worker.run(ThreadPoolExecutor.java:614)
 java.base/java.lang.Thread.run(Thread.java:1474)
07-Sep-2026 19:25:19.208 INFO [Catalina-utility-2] org.apache.catalina.startup.HostConfig.deployWAR Deploying web application archive [D:\JavaBean\tools\apache-tomcat-9.0.121\webapps\JavaBean.war]
07-Sep-2026 19:25:20.217 INFO [mysql-cj-abandoned-connection-cleanup] org.apache.catalina.loader.WebappClassLoaderBase.checkStateForResourceLoading Illegal access: this web application instance has been stopped already. Could not load []. The following stack trace is thrown for debugging purposes as well as to attempt to terminate the thread which caused the illegal access.
	java.lang.IllegalStateException: Illegal access: this web application instance has been stopped already. Could not load []. The following stack trace is thrown for debugging purposes as well as to attempt to terminate the thread which caused the illegal access.
		at org.apache.catalina.loader.WebappClassLoaderBase.checkStateForResourceLoading(WebappClassLoaderBase.java:1474)
		at org.apache.catalina.loader.WebappClassLoaderBase.getResource(WebappClassLoaderBase.java:1077)
		at com.mysql.cj.jdbc.AbandonedConnectionCleanupThread.checkThreadContextClassLoader(AbandonedConnectionCleanupThread.java:116)
		at com.mysql.cj.jdbc.AbandonedConnectionCleanupThread.run(AbandonedConnectionCleanupThread.java:83)
		at java.base/java.util.concurrent.ThreadPoolExecutor.runWorker(ThreadPoolExecutor.java:1090)
		at java.base/java.util.concurrent.ThreadPoolExecutor$Worker.run(ThreadPoolExecutor.java:614)
		at java.base/java.lang.Thread.run(Thread.java:1474)
07-Sep-2026 19:25:22.753 INFO [Catalina-utility-2] org.apache.jasper.servlet.TldScanner.scanJars At least one JAR was scanned for TLDs yet contained no TLDs. Enable debug logging for this logger for a complete list of JARs that were scanned but no TLDs were found in them. Skipping unneeded JARs during scanning can improve startup time and JSP compilation time.
07-Sep-2026 19:25:22.764 INFO [Catalina-utility-2] org.apache.catalina.startup.HostConfig.deployWAR Deployment of web application archive [D:\JavaBean\tools\apache-tomcat-9.0.121\webapps\JavaBean.war] has finished in [3,555] ms
07-Sep-2026 20:09:47.780 INFO [Thread-1] org.apache.coyote.AbstractProtocol.pause Pausing ProtocolHandler ["http-nio-8080"]
07-Sep-2026 20:09:47.846 INFO [Thread-1] org.apache.catalina.core.StandardService.stopInternal Stopping service [Catalina]
07-Sep-2026 20:09:47.906 WARNING [Thread-1] org.apache.catalina.loader.WebappClassLoaderBase.clearReferencesJdbc The web application [JavaBean] registered the JDBC driver [com.mysql.cj.jdbc.Driver] but failed to unregister it when the web application was stopped. To prevent a memory leak, the JDBC Driver has been forcibly unregistered.
07-Sep-2026 20:09:47.907 WARNING [Thread-1] org.apache.catalina.loader.WebappClassLoaderBase.clearReferencesThreads The web application [JavaBean] appears to have started a thread named [mysql-cj-abandoned-connection-cleanup] but has failed to stop it. This is very likely to create a memory leak. Stack trace of thread:
 java.base/java.lang.Object.wait0(Native Method)
 java.base/java.lang.Object.wait(Object.java:389)
 java.base/java.lang.ref.ReferenceQueue.remove0(ReferenceQueue.java:123)
 java.base/java.lang.ref.ReferenceQueue.remove(ReferenceQueue.java:201)
 com.mysql.cj.jdbc.AbandonedConnectionCleanupThread.run(AbandonedConnectionCleanupThread.java:84)
 java.base/java.util.concurrent.ThreadPoolExecutor.runWorker(ThreadPoolExecutor.java:1090)
 java.base/java.util.concurrent.ThreadPoolExecutor$Worker.run(ThreadPoolExecutor.java:614)
 java.base/java.lang.Thread.run(Thread.java:1474)
07-Sep-2026 20:09:47.922 INFO [Thread-1] org.apache.coyote.AbstractProtocol.stop Stopping ProtocolHandler ["http-nio-8080"]
07-Sep-2026 20:09:47.943 INFO [Thread-1] org.apache.coyote.AbstractProtocol.destroy Destroying ProtocolHandler ["http-nio-8080"]
07-Sep-2026 20:10:25.069 INFO [main] org.apache.catalina.startup.VersionLoggerListener.log Server version name:   Apache Tomcat/9.0.121
07-Sep-2026 20:10:25.075 INFO [main] org.apache.catalina.startup.VersionLoggerListener.log Server built:          Aug 12 2026 19:38:16 UTC
07-Sep-2026 20:10:25.076 INFO [main] org.apache.catalina.startup.VersionLoggerListener.log Server version number: 9.0.121.0
07-Sep-2026 20:10:25.077 INFO [main] org.apache.catalina.startup.VersionLoggerListener.log OS Name:               Windows 11
07-Sep-2026 20:10:25.077 INFO [main] org.apache.catalina.startup.VersionLoggerListener.log OS Version:            10.0
07-Sep-2026 20:10:25.078 INFO [main] org.apache.catalina.startup.VersionLoggerListener.log Architecture:          amd64
07-Sep-2026 20:10:25.078 INFO [main] org.apache.catalina.startup.VersionLoggerListener.log Java Home:             C:\Program Files\Eclipse Adoptium\jdk-25.0.0.36-hotspot
07-Sep-2026 20:10:25.078 INFO [main] org.apache.catalina.startup.VersionLoggerListener.log JVM Version:           25+36-LTS
07-Sep-2026 20:10:25.079 INFO [main] org.apache.catalina.startup.VersionLoggerListener.log JVM Vendor:            Eclipse Adoptium
07-Sep-2026 20:10:25.079 INFO [main] org.apache.catalina.startup.VersionLoggerListener.log CATALINA_BASE:         D:\JavaBean\tools\apache-tomcat-9.0.121
07-Sep-2026 20:10:25.080 INFO [main] org.apache.catalina.startup.VersionLoggerListener.log CATALINA_HOME:         D:\JavaBean\tools\apache-tomcat-9.0.121
07-Sep-2026 20:10:25.104 INFO [main] org.apache.catalina.startup.VersionLoggerListener.log Command line argument: --add-opens=java.base/java.lang=ALL-UNNAMED
07-Sep-2026 20:10:25.104 INFO [main] org.apache.catalina.startup.VersionLoggerListener.log Command line argument: --add-opens=java.base/java.lang.invoke=ALL-UNNAMED
07-Sep-2026 20:10:25.104 INFO [main] org.apache.catalina.startup.VersionLoggerListener.log Command line argument: --add-opens=java.base/java.lang.reflect=ALL-UNNAMED
07-Sep-2026 20:10:25.104 INFO [main] org.apache.catalina.startup.VersionLoggerListener.log Command line argument: --add-opens=java.base/java.io=ALL-UNNAMED
07-Sep-2026 20:10:25.104 INFO [main] org.apache.catalina.startup.VersionLoggerListener.log Command line argument: --add-opens=java.base/java.util=ALL-UNNAMED
07-Sep-2026 20:10:25.105 INFO [main] org.apache.catalina.startup.VersionLoggerListener.log Command line argument: --add-opens=java.base/java.util.concurrent=ALL-UNNAMED
07-Sep-2026 20:10:25.105 INFO [main] org.apache.catalina.startup.VersionLoggerListener.log Command line argument: --add-opens=java.rmi/sun.rmi.transport=ALL-UNNAMED
07-Sep-2026 20:10:25.105 INFO [main] org.apache.catalina.startup.VersionLoggerListener.log Command line argument: -Djava.util.logging.config.file=D:/JavaBean/tools/apache-tomcat-9.0.121\conf\logging.properties
07-Sep-2026 20:10:25.105 INFO [main] org.apache.catalina.startup.VersionLoggerListener.log Command line argument: -Djava.util.logging.manager=org.apache.juli.ClassLoaderLogManager
07-Sep-2026 20:10:25.105 INFO [main] org.apache.catalina.startup.VersionLoggerListener.log Command line argument: -Djdk.tls.ephemeralDHKeySize=2048
07-Sep-2026 20:10:25.107 INFO [main] org.apache.catalina.startup.VersionLoggerListener.log Command line argument: -Djava.protocol.handler.pkgs=org.apache.catalina.webresources
07-Sep-2026 20:10:25.107 INFO [main] org.apache.catalina.startup.VersionLoggerListener.log Command line argument: -Dsun.io.useCanonCaches=false
07-Sep-2026 20:10:25.107 INFO [main] org.apache.catalina.startup.VersionLoggerListener.log Command line argument: -Dignore.endorsed.dirs=
07-Sep-2026 20:10:25.108 INFO [main] org.apache.catalina.startup.VersionLoggerListener.log Command line argument: -Dcatalina.base=D:/JavaBean/tools/apache-tomcat-9.0.121
07-Sep-2026 20:10:25.108 INFO [main] org.apache.catalina.startup.VersionLoggerListener.log Command line argument: -Dcatalina.home=D:/JavaBean/tools/apache-tomcat-9.0.121
07-Sep-2026 20:10:25.109 INFO [main] org.apache.catalina.startup.VersionLoggerListener.log Command line argument: -Djava.io.tmpdir=D:/JavaBean/tools/apache-tomcat-9.0.121\temp
07-Sep-2026 20:10:25.143 INFO [main] org.apache.catalina.core.AprLifecycleListener.lifecycleEvent The Apache Tomcat Native library which allows using OpenSSL was not found on the java.library.path: [C:\Program Files\Eclipse Adoptium\jdk-25.0.0.36-hotspot\bin;C:\WINDOWS\Sun\Java\bin;C:\WINDOWS\system32;C:\WINDOWS;C:\Users\azhai\bin;C:\Program Files\Git\mingw64\bin;C:\Program Files\Git\usr\local\bin;C:\Program Files\Git\usr\bin;C:\Program Files\Git\usr\bin;C:\Program Files\Git\mingw64\bin;C:\Program Files\Git\usr\bin;C:\Users\azhai\bin;C:\Users\azhai\AppData\Roaming\Code\User\globalStorage\github.copilot-chat\debugCommand;C:\Users\azhai\AppData\Roaming\Code\User\globalStorage\github.copilot-chat\copilotCli;C:\Program Files\Eclipse Adoptium\jdk-25.0.0.36-hotspot\bin;C:\WINDOWS\system32;C:\WINDOWS;C:\WINDOWS\System32\Wbem;C:\WINDOWS\System32\WindowsPowerShell\v1.0;C:\WINDOWS\System32\OpenSSH;C:\Program Files\Microsoft SQL Server\150\Tools\Binn;C:\Program Files\Microsoft SQL Server\Client SDK\ODBC\170\Tools\Binn;C:\Program Files (x86)\Microsoft SQL Server\150\Tools\Binn;C:\Program Files\Microsoft SQL Server\150\DTS\Binn;C:\Program Files\Azure Data Studio\bin;C:\Program Files\Microsoft SQL Server\120\Tools\Binn;C:\Program Files\Microsoft SQL Server\Client SDK\ODBC\110\Tools\Binn;C:\Program Files (x86)\Microsoft SQL Server\120\Tools\Binn;C:\Program Files\Microsoft SQL Server\120\DTS\Binn;C:\Program Files (x86)\Microsoft SQL Server\120\Tools\Binn\ManagementStudio;C:\Program Files (x86)\Microsoft SQL Server\120\DTS\Binn;C:\Program Files (x86)\Microsoft SQL Server\160\Tools\Binn;C:\Program Files\Microsoft SQL Server\160\Tools\Binn;C:\Program Files\Microsoft SQL Server\160\DTS\Binn;C:\Users\azhai\AppData\Local\Programs\cursor\resources\app\bin;C:\WINDOWS\system32;C:\WINDOWS;C:\WINDOWS\System32\Wbem;C:\WINDOWS\System32\WindowsPowerShell\v1.0;C:\WINDOWS\System32\OpenSSH;C:\wamp64\bin\php\php5.6.40C;C:\Program Files\Git\Program Files\Microsoft SQL Server\170\Tools\Binn;C:\Program Files\dotnet;C:\Program Files\Git\cmd;C:\xampp\php;C:\composer;C:\Program Files\nodejs;C:\Program Files\Erlang OTP\bin;C:\Program Files\RabbitMQ Server\rabbitmq_server-4.3.2\sbin;C:\Program Files (x86)\Microsoft SQL Server\170\Tools\Binn;C:\Program Files\Microsoft SQL Server\170\Tools\Binn;C:\Program Files\Microsoft SQL Server\Client SDK\ODBC\180\Tools\Binn;C:\Program Files\Microsoft SQL Server\170\DTS\Binn;C:\Users\azhai\AppData\Local\Volta\bin;C:\Users\azhai\AppData\Local\Yarn\config\global\node_modules\.bin;C:\Users\azhai\AppData\Roaming\Composer\vendor\bin;D:\laragon\bin;D:\laragon\bin\apache\httpd-2.4.54-win64-VS16\bin;D:\laragon\bin\composer;D:\laragon\bin\git\bin;D:\laragon\bin\git\cmd;D:\laragon\bin\git\mingw64\bin;D:\laragon\bin\git\usr\bin;D:\laragon\bin\laragon\utils;D:\laragon\bin\mysql\mysql-8.0.30-winx64\bin;D:\laragon\bin\nginx\nginx-1.22.0;D:\laragon\bin\ngrok;D:\laragon\bin\nodejs\node-v18;D:\laragon\bin\notepad++;D:\laragon\bin\php\php-8.3.31-nts-Win32-vs16-x64;D:\laragon\bin\python\python-3.10;D:\laragon\bin\python\python-3.10\Scripts;D:\laragon\bin\redis\redis-x64-5.0.14.1;D:\laragon\bin\telnet;D:\laragon\usr\bin;C:\Users\azhai\AppData\Local\Microsoft\WindowsApps;C:\Program Files\Azure Data Studio\bin;D:\Visual studio\Microsoft VS Code\bin;C:\Users\azhai\AppData\Local\GitHubDesktop\bin;C:\Program Files\dotnet;C:\Users\azhai\.dotnet\tools;C:\Users\azhai\.dotnet\tools;C:\Users\azhai\AppData\Roa;C:\Users\azhai\AppData\Roaming\npm;C:\Users\azhai\.vscode\extensions\vscjava.vscode-java-debug-0.59.0\bundled\scripts\noConfigScripts;C:\Program Files\Git\usr\bin\vendor_perl;C:\Program Files\Git\usr\bin\core_perl;.]
07-Sep-2026 20:10:25.870 INFO [main] org.apache.coyote.AbstractProtocol.init Initializing ProtocolHandler ["http-nio-8080"]
07-Sep-2026 20:10:25.954 INFO [main] org.apache.catalina.startup.Catalina.load Server initialization in [1200] milliseconds
07-Sep-2026 20:10:26.098 INFO [main] org.apache.catalina.core.StandardService.startInternal Starting service [Catalina]
07-Sep-2026 20:10:26.099 INFO [main] org.apache.catalina.core.StandardEngine.startInternal Starting Servlet engine: [Apache Tomcat/9.0.121]
07-Sep-2026 20:10:26.138 INFO [main] org.apache.catalina.startup.HostConfig.deployWAR Deploying web application archive [D:\JavaBean\tools\apache-tomcat-9.0.121\webapps\JavaBean.war]
07-Sep-2026 20:10:28.302 INFO [main] org.apache.jasper.servlet.TldScanner.scanJars At least one JAR was scanned for TLDs yet contained no TLDs. Enable debug logging for this logger for a complete list of JARs that were scanned but no TLDs were found in them. Skipping unneeded JARs during scanning can improve startup time and JSP compilation time.
07-Sep-2026 20:10:28.442 INFO [main] org.apache.catalina.startup.HostConfig.deployWAR Deployment of web application archive [D:\JavaBean\tools\apache-tomcat-9.0.121\webapps\JavaBean.war] has finished in [2,297] ms
07-Sep-2026 20:10:28.444 INFO [main] org.apache.catalina.startup.HostConfig.deployDirectory Deploying web application directory [D:\JavaBean\tools\apache-tomcat-9.0.121\webapps\docs]
07-Sep-2026 20:10:28.524 INFO [main] org.apache.catalina.startup.HostConfig.deployDirectory Deployment of web application directory [D:\JavaBean\tools\apache-tomcat-9.0.121\webapps\docs] has finished in [80] ms
07-Sep-2026 20:10:28.525 INFO [main] org.apache.catalina.startup.HostConfig.deployDirectory Deploying web application directory [D:\JavaBean\tools\apache-tomcat-9.0.121\webapps\examples]
07-Sep-2026 20:10:29.211 INFO [main] org.apache.catalina.startup.HostConfig.deployDirectory Deployment of web application directory [D:\JavaBean\tools\apache-tomcat-9.0.121\webapps\examples] has finished in [686] ms
07-Sep-2026 20:10:29.212 INFO [main] org.apache.catalina.startup.HostConfig.deployDirectory Deploying web application directory [D:\JavaBean\tools\apache-tomcat-9.0.121\webapps\host-manager]
07-Sep-2026 20:10:29.278 INFO [main] org.apache.catalina.startup.HostConfig.deployDirectory Deployment of web application directory [D:\JavaBean\tools\apache-tomcat-9.0.121\webapps\host-manager] has finished in [67] ms
07-Sep-2026 20:10:29.279 INFO [main] org.apache.catalina.startup.HostConfig.deployDirectory Deploying web application directory [D:\JavaBean\tools\apache-tomcat-9.0.121\webapps\manager]
07-Sep-2026 20:10:29.337 INFO [main] org.apache.catalina.startup.HostConfig.deployDirectory Deployment of web application directory [D:\JavaBean\tools\apache-tomcat-9.0.121\webapps\manager] has finished in [58] ms
07-Sep-2026 20:10:29.338 INFO [main] org.apache.catalina.startup.HostConfig.deployDirectory Deploying web application directory [D:\JavaBean\tools\apache-tomcat-9.0.121\webapps\ROOT]
07-Sep-2026 20:10:29.381 INFO [main] org.apache.catalina.startup.HostConfig.deployDirectory Deployment of web application directory [D:\JavaBean\tools\apache-tomcat-9.0.121\webapps\ROOT] has finished in [43] ms
07-Sep-2026 20:10:29.387 INFO [main] org.apache.coyote.AbstractProtocol.start Starting ProtocolHandler ["http-nio-8080"]
07-Sep-2026 20:10:29.440 INFO [main] org.apache.catalina.startup.Catalina.start Server startup in [3478] milliseconds
07-Sep-2026 20:13:06.250 INFO [Thread-1] org.apache.coyote.AbstractProtocol.pause Pausing ProtocolHandler ["http-nio-8080"]
07-Sep-2026 20:13:06.271 INFO [Thread-1] org.apache.catalina.core.StandardService.stopInternal Stopping service [Catalina]
07-Sep-2026 20:13:06.313 INFO [Thread-1] org.apache.coyote.AbstractProtocol.stop Stopping ProtocolHandler ["http-nio-8080"]
07-Sep-2026 20:13:06.325 INFO [Thread-1] org.apache.coyote.AbstractProtocol.destroy Destroying ProtocolHandler ["http-nio-8080"]
07-Sep-2026 20:16:10.154 INFO [main] org.apache.catalina.startup.VersionLoggerListener.log Server version name:   Apache Tomcat/9.0.121
07-Sep-2026 20:16:10.163 INFO [main] org.apache.catalina.startup.VersionLoggerListener.log Server built:          Aug 12 2026 19:38:16 UTC
07-Sep-2026 20:16:10.165 INFO [main] org.apache.catalina.startup.VersionLoggerListener.log Server version number: 9.0.121.0
07-Sep-2026 20:16:10.166 INFO [main] org.apache.catalina.startup.VersionLoggerListener.log OS Name:               Windows 11
07-Sep-2026 20:16:10.167 INFO [main] org.apache.catalina.startup.VersionLoggerListener.log OS Version:            10.0
07-Sep-2026 20:16:10.168 INFO [main] org.apache.catalina.startup.VersionLoggerListener.log Architecture:          amd64
07-Sep-2026 20:16:10.170 INFO [main] org.apache.catalina.startup.VersionLoggerListener.log Java Home:             C:\Program Files\Eclipse Adoptium\jdk-25.0.0.36-hotspot
07-Sep-2026 20:16:10.171 INFO [main] org.apache.catalina.startup.VersionLoggerListener.log JVM Version:           25+36-LTS
07-Sep-2026 20:16:10.172 INFO [main] org.apache.catalina.startup.VersionLoggerListener.log JVM Vendor:            Eclipse Adoptium
07-Sep-2026 20:16:10.173 INFO [main] org.apache.catalina.startup.VersionLoggerListener.log CATALINA_BASE:         D:\JavaBean\tools\apache-tomcat-9.0.121
07-Sep-2026 20:16:10.173 INFO [main] org.apache.catalina.startup.VersionLoggerListener.log CATALINA_HOME:         D:\JavaBean\tools\apache-tomcat-9.0.121
07-Sep-2026 20:16:10.199 INFO [main] org.apache.catalina.startup.VersionLoggerListener.log Command line argument: --add-opens=java.base/java.lang=ALL-UNNAMED
07-Sep-2026 20:16:10.200 INFO [main] org.apache.catalina.startup.VersionLoggerListener.log Command line argument: --add-opens=java.base/java.lang.invoke=ALL-UNNAMED
07-Sep-2026 20:16:10.201 INFO [main] org.apache.catalina.startup.VersionLoggerListener.log Command line argument: --add-opens=java.base/java.lang.reflect=ALL-UNNAMED
07-Sep-2026 20:16:10.202 INFO [main] org.apache.catalina.startup.VersionLoggerListener.log Command line argument: --add-opens=java.base/java.io=ALL-UNNAMED
07-Sep-2026 20:16:10.203 INFO [main] org.apache.catalina.startup.VersionLoggerListener.log Command line argument: --add-opens=java.base/java.util=ALL-UNNAMED
07-Sep-2026 20:16:10.204 INFO [main] org.apache.catalina.startup.VersionLoggerListener.log Command line argument: --add-opens=java.base/java.util.concurrent=ALL-UNNAMED
07-Sep-2026 20:16:10.204 INFO [main] org.apache.catalina.startup.VersionLoggerListener.log Command line argument: --add-opens=java.rmi/sun.rmi.transport=ALL-UNNAMED
07-Sep-2026 20:16:10.205 INFO [main] org.apache.catalina.startup.VersionLoggerListener.log Command line argument: -Djava.util.logging.config.file=D:/JavaBean/tools/apache-tomcat-9.0.121\conf\logging.properties
07-Sep-2026 20:16:10.206 INFO [main] org.apache.catalina.startup.VersionLoggerListener.log Command line argument: -Djava.util.logging.manager=org.apache.juli.ClassLoaderLogManager
07-Sep-2026 20:16:10.207 INFO [main] org.apache.catalina.startup.VersionLoggerListener.log Command line argument: -Djdk.tls.ephemeralDHKeySize=2048
07-Sep-2026 20:16:10.207 INFO [main] org.apache.catalina.startup.VersionLoggerListener.log Command line argument: -Djava.protocol.handler.pkgs=org.apache.catalina.webresources
07-Sep-2026 20:16:10.208 INFO [main] org.apache.catalina.startup.VersionLoggerListener.log Command line argument: -Dsun.io.useCanonCaches=false
07-Sep-2026 20:16:10.209 INFO [main] org.apache.catalina.startup.VersionLoggerListener.log Command line argument: -Dignore.endorsed.dirs=
07-Sep-2026 20:16:10.209 INFO [main] org.apache.catalina.startup.VersionLoggerListener.log Command line argument: -Dcatalina.base=D:/JavaBean/tools/apache-tomcat-9.0.121
07-Sep-2026 20:16:10.211 INFO [main] org.apache.catalina.startup.VersionLoggerListener.log Command line argument: -Dcatalina.home=D:/JavaBean/tools/apache-tomcat-9.0.121
07-Sep-2026 20:16:10.214 INFO [main] org.apache.catalina.startup.VersionLoggerListener.log Command line argument: -Djava.io.tmpdir=D:/JavaBean/tools/apache-tomcat-9.0.121\temp
07-Sep-2026 20:16:10.281 INFO [main] org.apache.catalina.core.AprLifecycleListener.lifecycleEvent The Apache Tomcat Native library which allows using OpenSSL was not found on the java.library.path: [C:\Program Files\Eclipse Adoptium\jdk-25.0.0.36-hotspot\bin;C:\WINDOWS\Sun\Java\bin;C:\WINDOWS\system32;C:\WINDOWS;C:\Users\azhai\bin;C:\Program Files\Git\mingw64\bin;C:\Program Files\Git\usr\local\bin;C:\Program Files\Git\usr\bin;C:\Program Files\Git\usr\bin;C:\Program Files\Git\mingw64\bin;C:\Program Files\Git\usr\bin;C:\Users\azhai\bin;C:\Users\azhai\AppData\Roaming\Code\User\globalStorage\github.copilot-chat\debugCommand;C:\Users\azhai\AppData\Roaming\Code\User\globalStorage\github.copilot-chat\copilotCli;C:\Program Files\Eclipse Adoptium\jdk-25.0.0.36-hotspot\bin;C:\WINDOWS\system32;C:\WINDOWS;C:\WINDOWS\System32\Wbem;C:\WINDOWS\System32\WindowsPowerShell\v1.0;C:\WINDOWS\System32\OpenSSH;C:\Program Files\Microsoft SQL Server\150\Tools\Binn;C:\Program Files\Microsoft SQL Server\Client SDK\ODBC\170\Tools\Binn;C:\Program Files (x86)\Microsoft SQL Server\150\Tools\Binn;C:\Program Files\Microsoft SQL Server\150\DTS\Binn;C:\Program Files\Azure Data Studio\bin;C:\Program Files\Microsoft SQL Server\120\Tools\Binn;C:\Program Files\Microsoft SQL Server\Client SDK\ODBC\110\Tools\Binn;C:\Program Files (x86)\Microsoft SQL Server\120\Tools\Binn;C:\Program Files\Microsoft SQL Server\120\DTS\Binn;C:\Program Files (x86)\Microsoft SQL Server\120\Tools\Binn\ManagementStudio;C:\Program Files (x86)\Microsoft SQL Server\120\DTS\Binn;C:\Program Files (x86)\Microsoft SQL Server\160\Tools\Binn;C:\Program Files\Microsoft SQL Server\160\Tools\Binn;C:\Program Files\Microsoft SQL Server\160\DTS\Binn;C:\Users\azhai\AppData\Local\Programs\cursor\resources\app\bin;C:\WINDOWS\system32;C:\WINDOWS;C:\WINDOWS\System32\Wbem;C:\WINDOWS\System32\WindowsPowerShell\v1.0;C:\WINDOWS\System32\OpenSSH;C:\wamp64\bin\php\php5.6.40C;C:\Program Files\Git\Program Files\Microsoft SQL Server\170\Tools\Binn;C:\Program Files\dotnet;C:\Program Files\Git\cmd;C:\xampp\php;C:\composer;C:\Program Files\nodejs;C:\Program Files\Erlang OTP\bin;C:\Program Files\RabbitMQ Server\rabbitmq_server-4.3.2\sbin;C:\Program Files (x86)\Microsoft SQL Server\170\Tools\Binn;C:\Program Files\Microsoft SQL Server\170\Tools\Binn;C:\Program Files\Microsoft SQL Server\Client SDK\ODBC\180\Tools\Binn;C:\Program Files\Microsoft SQL Server\170\DTS\Binn;C:\Users\azhai\AppData\Local\Volta\bin;C:\Users\azhai\AppData\Local\Yarn\config\global\node_modules\.bin;C:\Users\azhai\AppData\Roaming\Composer\vendor\bin;D:\laragon\bin;D:\laragon\bin\apache\httpd-2.4.54-win64-VS16\bin;D:\laragon\bin\composer;D:\laragon\bin\git\bin;D:\laragon\bin\git\cmd;D:\laragon\bin\git\mingw64\bin;D:\laragon\bin\git\usr\bin;D:\laragon\bin\laragon\utils;D:\laragon\bin\mysql\mysql-8.0.30-winx64\bin;D:\laragon\bin\nginx\nginx-1.22.0;D:\laragon\bin\ngrok;D:\laragon\bin\nodejs\node-v18;D:\laragon\bin\notepad++;D:\laragon\bin\php\php-8.3.31-nts-Win32-vs16-x64;D:\laragon\bin\python\python-3.10;D:\laragon\bin\python\python-3.10\Scripts;D:\laragon\bin\redis\redis-x64-5.0.14.1;D:\laragon\bin\telnet;D:\laragon\usr\bin;C:\Users\azhai\AppData\Local\Microsoft\WindowsApps;C:\Program Files\Azure Data Studio\bin;D:\Visual studio\Microsoft VS Code\bin;C:\Users\azhai\AppData\Local\GitHubDesktop\bin;C:\Program Files\dotnet;C:\Users\azhai\.dotnet\tools;C:\Users\azhai\.dotnet\tools;C:\Users\azhai\AppData\Roa;C:\Users\azhai\AppData\Roaming\npm;C:\Users\azhai\.vscode\extensions\vscjava.vscode-java-debug-0.59.0\bundled\scripts\noConfigScripts;C:\Program Files\Git\usr\bin\vendor_perl;C:\Program Files\Git\usr\bin\core_perl;.]
07-Sep-2026 20:16:10.898 INFO [main] org.apache.coyote.AbstractProtocol.init Initializing ProtocolHandler ["http-nio-8080"]
07-Sep-2026 20:16:10.937 INFO [main] org.apache.catalina.startup.Catalina.load Server initialization in [1164] milliseconds
07-Sep-2026 20:16:11.004 INFO [main] org.apache.catalina.core.StandardService.startInternal Starting service [Catalina]
07-Sep-2026 20:16:11.005 INFO [main] org.apache.catalina.core.StandardEngine.startInternal Starting Servlet engine: [Apache Tomcat/9.0.121]
07-Sep-2026 20:16:11.038 INFO [main] org.apache.catalina.startup.HostConfig.deployWAR Deploying web application archive [D:\JavaBean\tools\apache-tomcat-9.0.121\webapps\JavaBean.war]
07-Sep-2026 20:16:13.320 INFO [main] org.apache.jasper.servlet.TldScanner.scanJars At least one JAR was scanned for TLDs yet contained no TLDs. Enable debug logging for this logger for a complete list of JARs that were scanned but no TLDs were found in them. Skipping unneeded JARs during scanning can improve startup time and JSP compilation time.
07-Sep-2026 20:16:13.421 INFO [main] org.apache.catalina.startup.HostConfig.deployWAR Deployment of web application archive [D:\JavaBean\tools\apache-tomcat-9.0.121\webapps\JavaBean.war] has finished in [2,377] ms
07-Sep-2026 20:16:13.423 INFO [main] org.apache.catalina.startup.HostConfig.deployDirectory Deploying web application directory [D:\JavaBean\tools\apache-tomcat-9.0.121\webapps\docs]
07-Sep-2026 20:16:13.514 INFO [main] org.apache.catalina.startup.HostConfig.deployDirectory Deployment of web application directory [D:\JavaBean\tools\apache-tomcat-9.0.121\webapps\docs] has finished in [91] ms
07-Sep-2026 20:16:13.515 INFO [main] org.apache.catalina.startup.HostConfig.deployDirectory Deploying web application directory [D:\JavaBean\tools\apache-tomcat-9.0.121\webapps\examples]
07-Sep-2026 20:16:14.229 INFO [main] org.apache.catalina.startup.HostConfig.deployDirectory Deployment of web application directory [D:\JavaBean\tools\apache-tomcat-9.0.121\webapps\examples] has finished in [714] ms
07-Sep-2026 20:16:14.229 INFO [main] org.apache.catalina.startup.HostConfig.deployDirectory Deploying web application directory [D:\JavaBean\tools\apache-tomcat-9.0.121\webapps\host-manager]
07-Sep-2026 20:16:14.298 INFO [main] org.apache.catalina.startup.HostConfig.deployDirectory Deployment of web application directory [D:\JavaBean\tools\apache-tomcat-9.0.121\webapps\host-manager] has finished in [69] ms
07-Sep-2026 20:16:14.298 INFO [main] org.apache.catalina.startup.HostConfig.deployDirectory Deploying web application directory [D:\JavaBean\tools\apache-tomcat-9.0.121\webapps\manager]
07-Sep-2026 20:16:14.372 INFO [main] org.apache.catalina.startup.HostConfig.deployDirectory Deployment of web application directory [D:\JavaBean\tools\apache-tomcat-9.0.121\webapps\manager] has finished in [74] ms
07-Sep-2026 20:16:14.373 INFO [main] org.apache.catalina.startup.HostConfig.deployDirectory Deploying web application directory [D:\JavaBean\tools\apache-tomcat-9.0.121\webapps\ROOT]
07-Sep-2026 20:16:14.425 INFO [main] org.apache.catalina.startup.HostConfig.deployDirectory Deployment of web application directory [D:\JavaBean\tools\apache-tomcat-9.0.121\webapps\ROOT] has finished in [52] ms
07-Sep-2026 20:16:14.433 INFO [main] org.apache.coyote.AbstractProtocol.start Starting ProtocolHandler ["http-nio-8080"]
07-Sep-2026 20:16:14.476 INFO [main] org.apache.catalina.startup.Catalina.start Server startup in [3536] milliseconds
07-Sep-2026 20:19:14.469 INFO [main] org.apache.catalina.startup.VersionLoggerListener.log Server version name:   Apache Tomcat/9.0.121
07-Sep-2026 20:19:14.475 INFO [main] org.apache.catalina.startup.VersionLoggerListener.log Server built:          Aug 12 2026 19:38:16 UTC
07-Sep-2026 20:19:14.476 INFO [main] org.apache.catalina.startup.VersionLoggerListener.log Server version number: 9.0.121.0
07-Sep-2026 20:19:14.476 INFO [main] org.apache.catalina.startup.VersionLoggerListener.log OS Name:               Windows 11
07-Sep-2026 20:19:14.478 INFO [main] org.apache.catalina.startup.VersionLoggerListener.log OS Version:            10.0
07-Sep-2026 20:19:14.479 INFO [main] org.apache.catalina.startup.VersionLoggerListener.log Architecture:          amd64
07-Sep-2026 20:19:14.479 INFO [main] org.apache.catalina.startup.VersionLoggerListener.log Java Home:             C:\Program Files\Eclipse Adoptium\jdk-25.0.0.36-hotspot
07-Sep-2026 20:19:14.480 INFO [main] org.apache.catalina.startup.VersionLoggerListener.log JVM Version:           25+36-LTS
07-Sep-2026 20:19:14.480 INFO [main] org.apache.catalina.startup.VersionLoggerListener.log JVM Vendor:            Eclipse Adoptium
07-Sep-2026 20:19:14.481 INFO [main] org.apache.catalina.startup.VersionLoggerListener.log CATALINA_BASE:         D:\JavaBean\tools\apache-tomcat-9.0.121
07-Sep-2026 20:19:14.481 INFO [main] org.apache.catalina.startup.VersionLoggerListener.log CATALINA_HOME:         D:\JavaBean\tools\apache-tomcat-9.0.121
07-Sep-2026 20:19:14.503 INFO [main] org.apache.catalina.startup.VersionLoggerListener.log Command line argument: --add-opens=java.base/java.lang=ALL-UNNAMED
07-Sep-2026 20:19:14.503 INFO [main] org.apache.catalina.startup.VersionLoggerListener.log Command line argument: --add-opens=java.base/java.lang.invoke=ALL-UNNAMED
07-Sep-2026 20:19:14.504 INFO [main] org.apache.catalina.startup.VersionLoggerListener.log Command line argument: --add-opens=java.base/java.lang.reflect=ALL-UNNAMED
07-Sep-2026 20:19:14.504 INFO [main] org.apache.catalina.startup.VersionLoggerListener.log Command line argument: --add-opens=java.base/java.io=ALL-UNNAMED
07-Sep-2026 20:19:14.504 INFO [main] org.apache.catalina.startup.VersionLoggerListener.log Command line argument: --add-opens=java.base/java.util=ALL-UNNAMED
07-Sep-2026 20:19:14.505 INFO [main] org.apache.catalina.startup.VersionLoggerListener.log Command line argument: --add-opens=java.base/java.util.concurrent=ALL-UNNAMED
07-Sep-2026 20:19:14.506 INFO [main] org.apache.catalina.startup.VersionLoggerListener.log Command line argument: --add-opens=java.rmi/sun.rmi.transport=ALL-UNNAMED
07-Sep-2026 20:19:14.506 INFO [main] org.apache.catalina.startup.VersionLoggerListener.log Command line argument: -Djava.util.logging.config.file=D:/JavaBean/tools/apache-tomcat-9.0.121\conf\logging.properties
07-Sep-2026 20:19:14.506 INFO [main] org.apache.catalina.startup.VersionLoggerListener.log Command line argument: -Djava.util.logging.manager=org.apache.juli.ClassLoaderLogManager
07-Sep-2026 20:19:14.507 INFO [main] org.apache.catalina.startup.VersionLoggerListener.log Command line argument: -Djdk.tls.ephemeralDHKeySize=2048
07-Sep-2026 20:19:14.507 INFO [main] org.apache.catalina.startup.VersionLoggerListener.log Command line argument: -Djava.protocol.handler.pkgs=org.apache.catalina.webresources
07-Sep-2026 20:19:14.508 INFO [main] org.apache.catalina.startup.VersionLoggerListener.log Command line argument: -Dsun.io.useCanonCaches=false
07-Sep-2026 20:19:14.508 INFO [main] org.apache.catalina.startup.VersionLoggerListener.log Command line argument: -Dignore.endorsed.dirs=
07-Sep-2026 20:19:14.509 INFO [main] org.apache.catalina.startup.VersionLoggerListener.log Command line argument: -Dcatalina.base=D:/JavaBean/tools/apache-tomcat-9.0.121
07-Sep-2026 20:19:14.509 INFO [main] org.apache.catalina.startup.VersionLoggerListener.log Command line argument: -Dcatalina.home=D:/JavaBean/tools/apache-tomcat-9.0.121
07-Sep-2026 20:19:14.509 INFO [main] org.apache.catalina.startup.VersionLoggerListener.log Command line argument: -Djava.io.tmpdir=D:/JavaBean/tools/apache-tomcat-9.0.121\temp
07-Sep-2026 20:19:14.554 INFO [main] org.apache.catalina.core.AprLifecycleListener.lifecycleEvent The Apache Tomcat Native library which allows using OpenSSL was not found on the java.library.path: [C:\Program Files\Eclipse Adoptium\jdk-25.0.0.36-hotspot\bin;C:\WINDOWS\Sun\Java\bin;C:\WINDOWS\system32;C:\WINDOWS;C:\Users\azhai\bin;C:\Program Files\Git\mingw64\bin;C:\Program Files\Git\usr\local\bin;C:\Program Files\Git\usr\bin;C:\Program Files\Git\usr\bin;C:\Program Files\Git\mingw64\bin;C:\Program Files\Git\usr\bin;C:\Users\azhai\bin;C:\Users\azhai\AppData\Roaming\Code\User\globalStorage\github.copilot-chat\debugCommand;C:\Users\azhai\AppData\Roaming\Code\User\globalStorage\github.copilot-chat\copilotCli;C:\Program Files\Eclipse Adoptium\jdk-25.0.0.36-hotspot\bin;C:\WINDOWS\system32;C:\WINDOWS;C:\WINDOWS\System32\Wbem;C:\WINDOWS\System32\WindowsPowerShell\v1.0;C:\WINDOWS\System32\OpenSSH;C:\Program Files\Microsoft SQL Server\150\Tools\Binn;C:\Program Files\Microsoft SQL Server\Client SDK\ODBC\170\Tools\Binn;C:\Program Files (x86)\Microsoft SQL Server\150\Tools\Binn;C:\Program Files\Microsoft SQL Server\150\DTS\Binn;C:\Program Files\Azure Data Studio\bin;C:\Program Files\Microsoft SQL Server\120\Tools\Binn;C:\Program Files\Microsoft SQL Server\Client SDK\ODBC\110\Tools\Binn;C:\Program Files (x86)\Microsoft SQL Server\120\Tools\Binn;C:\Program Files\Microsoft SQL Server\120\DTS\Binn;C:\Program Files (x86)\Microsoft SQL Server\120\Tools\Binn\ManagementStudio;C:\Program Files (x86)\Microsoft SQL Server\120\DTS\Binn;C:\Program Files (x86)\Microsoft SQL Server\160\Tools\Binn;C:\Program Files\Microsoft SQL Server\160\Tools\Binn;C:\Program Files\Microsoft SQL Server\160\DTS\Binn;C:\Users\azhai\AppData\Local\Programs\cursor\resources\app\bin;C:\WINDOWS\system32;C:\WINDOWS;C:\WINDOWS\System32\Wbem;C:\WINDOWS\System32\WindowsPowerShell\v1.0;C:\WINDOWS\System32\OpenSSH;C:\wamp64\bin\php\php5.6.40C;C:\Program Files\Git\Program Files\Microsoft SQL Server\170\Tools\Binn;C:\Program Files\dotnet;C:\Program Files\Git\cmd;C:\xampp\php;C:\composer;C:\Program Files\nodejs;C:\Program Files\Erlang OTP\bin;C:\Program Files\RabbitMQ Server\rabbitmq_server-4.3.2\sbin;C:\Program Files (x86)\Microsoft SQL Server\170\Tools\Binn;C:\Program Files\Microsoft SQL Server\170\Tools\Binn;C:\Program Files\Microsoft SQL Server\Client SDK\ODBC\180\Tools\Binn;C:\Program Files\Microsoft SQL Server\170\DTS\Binn;C:\Users\azhai\AppData\Local\Volta\bin;C:\Users\azhai\AppData\Local\Yarn\config\global\node_modules\.bin;C:\Users\azhai\AppData\Roaming\Composer\vendor\bin;D:\laragon\bin;D:\laragon\bin\apache\httpd-2.4.54-win64-VS16\bin;D:\laragon\bin\composer;D:\laragon\bin\git\bin;D:\laragon\bin\git\cmd;D:\laragon\bin\git\mingw64\bin;D:\laragon\bin\git\usr\bin;D:\laragon\bin\laragon\utils;D:\laragon\bin\mysql\mysql-8.0.30-winx64\bin;D:\laragon\bin\nginx\nginx-1.22.0;D:\laragon\bin\ngrok;D:\laragon\bin\nodejs\node-v18;D:\laragon\bin\notepad++;D:\laragon\bin\php\php-8.3.31-nts-Win32-vs16-x64;D:\laragon\bin\python\python-3.10;D:\laragon\bin\python\python-3.10\Scripts;D:\laragon\bin\redis\redis-x64-5.0.14.1;D:\laragon\bin\telnet;D:\laragon\usr\bin;C:\Users\azhai\AppData\Local\Microsoft\WindowsApps;C:\Program Files\Azure Data Studio\bin;D:\Visual studio\Microsoft VS Code\bin;C:\Users\azhai\AppData\Local\GitHubDesktop\bin;C:\Program Files\dotnet;C:\Users\azhai\.dotnet\tools;C:\Users\azhai\.dotnet\tools;C:\Users\azhai\AppData\Roa;C:\Users\azhai\AppData\Roaming\npm;C:\Users\azhai\.vscode\extensions\vscjava.vscode-java-debug-0.59.0\bundled\scripts\noConfigScripts;C:\Program Files\Git\usr\bin\vendor_perl;C:\Program Files\Git\usr\bin\core_perl;.]
07-Sep-2026 20:19:15.316 INFO [main] org.apache.coyote.AbstractProtocol.init Initializing ProtocolHandler ["http-nio-8080"]
07-Sep-2026 20:19:15.372 INFO [main] org.apache.catalina.startup.Catalina.load Server initialization in [1318] milliseconds
07-Sep-2026 20:19:15.452 INFO [main] org.apache.catalina.core.StandardService.startInternal Starting service [Catalina]
07-Sep-2026 20:19:15.452 INFO [main] org.apache.catalina.core.StandardEngine.startInternal Starting Servlet engine: [Apache Tomcat/9.0.121]
07-Sep-2026 20:19:15.475 INFO [main] org.apache.catalina.startup.HostConfig.deployWAR Deploying web application archive [D:\JavaBean\tools\apache-tomcat-9.0.121\webapps\JavaBean.war]
07-Sep-2026 20:19:18.235 INFO [main] org.apache.jasper.servlet.TldScanner.scanJars At least one JAR was scanned for TLDs yet contained no TLDs. Enable debug logging for this logger for a complete list of JARs that were scanned but no TLDs were found in them. Skipping unneeded JARs during scanning can improve startup time and JSP compilation time.
07-Sep-2026 20:19:18.349 INFO [main] org.apache.catalina.startup.HostConfig.deployWAR Deployment of web application archive [D:\JavaBean\tools\apache-tomcat-9.0.121\webapps\JavaBean.war] has finished in [2,868] ms
07-Sep-2026 20:19:18.351 INFO [main] org.apache.catalina.startup.HostConfig.deployDirectory Deploying web application directory [D:\JavaBean\tools\apache-tomcat-9.0.121\webapps\docs]
07-Sep-2026 20:19:18.470 INFO [main] org.apache.catalina.startup.HostConfig.deployDirectory Deployment of web application directory [D:\JavaBean\tools\apache-tomcat-9.0.121\webapps\docs] has finished in [118] ms
07-Sep-2026 20:19:18.472 INFO [main] org.apache.catalina.startup.HostConfig.deployDirectory Deploying web application directory [D:\JavaBean\tools\apache-tomcat-9.0.121\webapps\examples]
07-Sep-2026 20:19:19.287 INFO [main] org.apache.catalina.startup.HostConfig.deployDirectory Deployment of web application directory [D:\JavaBean\tools\apache-tomcat-9.0.121\webapps\examples] has finished in [815] ms
07-Sep-2026 20:19:19.288 INFO [main] org.apache.catalina.startup.HostConfig.deployDirectory Deploying web application directory [D:\JavaBean\tools\apache-tomcat-9.0.121\webapps\host-manager]
07-Sep-2026 20:19:19.366 INFO [main] org.apache.catalina.startup.HostConfig.deployDirectory Deployment of web application directory [D:\JavaBean\tools\apache-tomcat-9.0.121\webapps\host-manager] has finished in [77] ms
07-Sep-2026 20:19:19.367 INFO [main] org.apache.catalina.startup.HostConfig.deployDirectory Deploying web application directory [D:\JavaBean\tools\apache-tomcat-9.0.121\webapps\manager]
07-Sep-2026 20:19:19.458 INFO [main] org.apache.catalina.startup.HostConfig.deployDirectory Deployment of web application directory [D:\JavaBean\tools\apache-tomcat-9.0.121\webapps\manager] has finished in [92] ms
07-Sep-2026 20:19:19.459 INFO [main] org.apache.catalina.startup.HostConfig.deployDirectory Deploying web application directory [D:\JavaBean\tools\apache-tomcat-9.0.121\webapps\ROOT]
07-Sep-2026 20:19:19.552 INFO [main] org.apache.catalina.startup.HostConfig.deployDirectory Deployment of web application directory [D:\JavaBean\tools\apache-tomcat-9.0.121\webapps\ROOT] has finished in [93] ms
07-Sep-2026 20:19:19.568 INFO [main] org.apache.coyote.AbstractProtocol.start Starting ProtocolHandler ["http-nio-8080"]
07-Sep-2026 20:19:19.648 INFO [main] org.apache.catalina.startup.Catalina.start Server startup in [4270] milliseconds
07-Sep-2026 21:05:49.214 INFO [Thread-1] org.apache.coyote.AbstractProtocol.pause Pausing ProtocolHandler ["http-nio-8080"]
07-Sep-2026 21:05:49.240 INFO [Thread-1] org.apache.catalina.core.StandardService.stopInternal Stopping service [Catalina]
07-Sep-2026 21:05:49.306 WARNING [Thread-1] org.apache.catalina.loader.WebappClassLoaderBase.clearReferencesJdbc The web application [JavaBean] registered the JDBC driver [com.mysql.cj.jdbc.Driver] but failed to unregister it when the web application was stopped. To prevent a memory leak, the JDBC Driver has been forcibly unregistered.
07-Sep-2026 21:05:49.307 WARNING [Thread-1] org.apache.catalina.loader.WebappClassLoaderBase.clearReferencesThreads The web application [JavaBean] appears to have started a thread named [mysql-cj-abandoned-connection-cleanup] but has failed to stop it. This is very likely to create a memory leak. Stack trace of thread:
 java.base/java.lang.Object.wait0(Native Method)
 java.base/java.lang.Object.wait(Object.java:389)
 java.base/java.lang.ref.ReferenceQueue.remove0(ReferenceQueue.java:123)
 java.base/java.lang.ref.ReferenceQueue.remove(ReferenceQueue.java:201)
 com.mysql.cj.jdbc.AbandonedConnectionCleanupThread.run(AbandonedConnectionCleanupThread.java:84)
 java.base/java.util.concurrent.ThreadPoolExecutor.runWorker(ThreadPoolExecutor.java:1090)
 java.base/java.util.concurrent.ThreadPoolExecutor$Worker.run(ThreadPoolExecutor.java:614)
 java.base/java.lang.Thread.run(Thread.java:1474)
07-Sep-2026 21:05:49.324 INFO [Thread-1] org.apache.coyote.AbstractProtocol.stop Stopping ProtocolHandler ["http-nio-8080"]
07-Sep-2026 21:05:49.339 INFO [Thread-1] org.apache.coyote.AbstractProtocol.destroy Destroying ProtocolHandler ["http-nio-8080"]
07-Sep-2026 21:12:13.353 INFO [main] org.apache.catalina.startup.VersionLoggerListener.log Server version name:   Apache Tomcat/9.0.121
07-Sep-2026 21:12:13.359 INFO [main] org.apache.catalina.startup.VersionLoggerListener.log Server built:          Aug 12 2026 19:38:16 UTC
07-Sep-2026 21:12:13.360 INFO [main] org.apache.catalina.startup.VersionLoggerListener.log Server version number: 9.0.121.0
07-Sep-2026 21:12:13.360 INFO [main] org.apache.catalina.startup.VersionLoggerListener.log OS Name:               Windows 11
07-Sep-2026 21:12:13.361 INFO [main] org.apache.catalina.startup.VersionLoggerListener.log OS Version:            10.0
07-Sep-2026 21:12:13.361 INFO [main] org.apache.catalina.startup.VersionLoggerListener.log Architecture:          amd64
07-Sep-2026 21:12:13.362 INFO [main] org.apache.catalina.startup.VersionLoggerListener.log Java Home:             C:\Program Files\Eclipse Adoptium\jdk-25.0.0.36-hotspot
07-Sep-2026 21:12:13.363 INFO [main] org.apache.catalina.startup.VersionLoggerListener.log JVM Version:           25+36-LTS
07-Sep-2026 21:12:13.363 INFO [main] org.apache.catalina.startup.VersionLoggerListener.log JVM Vendor:            Eclipse Adoptium
07-Sep-2026 21:12:13.364 INFO [main] org.apache.catalina.startup.VersionLoggerListener.log CATALINA_BASE:         D:\JavaBean\tools\apache-tomcat-9.0.121
07-Sep-2026 21:12:13.365 INFO [main] org.apache.catalina.startup.VersionLoggerListener.log CATALINA_HOME:         D:\JavaBean\tools\apache-tomcat-9.0.121
07-Sep-2026 21:12:13.384 INFO [main] org.apache.catalina.startup.VersionLoggerListener.log Command line argument: --add-opens=java.base/java.lang=ALL-UNNAMED
07-Sep-2026 21:12:13.384 INFO [main] org.apache.catalina.startup.VersionLoggerListener.log Command line argument: --add-opens=java.base/java.lang.invoke=ALL-UNNAMED
07-Sep-2026 21:12:13.385 INFO [main] org.apache.catalina.startup.VersionLoggerListener.log Command line argument: --add-opens=java.base/java.lang.reflect=ALL-UNNAMED
07-Sep-2026 21:12:13.385 INFO [main] org.apache.catalina.startup.VersionLoggerListener.log Command line argument: --add-opens=java.base/java.io=ALL-UNNAMED
07-Sep-2026 21:12:13.386 INFO [main] org.apache.catalina.startup.VersionLoggerListener.log Command line argument: --add-opens=java.base/java.util=ALL-UNNAMED
07-Sep-2026 21:12:13.386 INFO [main] org.apache.catalina.startup.VersionLoggerListener.log Command line argument: --add-opens=java.base/java.util.concurrent=ALL-UNNAMED
07-Sep-2026 21:12:13.387 INFO [main] org.apache.catalina.startup.VersionLoggerListener.log Command line argument: --add-opens=java.rmi/sun.rmi.transport=ALL-UNNAMED
07-Sep-2026 21:12:13.388 INFO [main] org.apache.catalina.startup.VersionLoggerListener.log Command line argument: -Djava.util.logging.config.file=D:/JavaBean/tools/apache-tomcat-9.0.121\conf\logging.properties
07-Sep-2026 21:12:13.389 INFO [main] org.apache.catalina.startup.VersionLoggerListener.log Command line argument: -Djava.util.logging.manager=org.apache.juli.ClassLoaderLogManager
07-Sep-2026 21:12:13.390 INFO [main] org.apache.catalina.startup.VersionLoggerListener.log Command line argument: -Djdk.tls.ephemeralDHKeySize=2048
07-Sep-2026 21:12:13.390 INFO [main] org.apache.catalina.startup.VersionLoggerListener.log Command line argument: -Djava.protocol.handler.pkgs=org.apache.catalina.webresources
07-Sep-2026 21:12:13.391 INFO [main] org.apache.catalina.startup.VersionLoggerListener.log Command line argument: -Dsun.io.useCanonCaches=false
07-Sep-2026 21:12:13.392 INFO [main] org.apache.catalina.startup.VersionLoggerListener.log Command line argument: -Dignore.endorsed.dirs=
07-Sep-2026 21:12:13.392 INFO [main] org.apache.catalina.startup.VersionLoggerListener.log Command line argument: -Dcatalina.base=D:/JavaBean/tools/apache-tomcat-9.0.121
07-Sep-2026 21:12:13.392 INFO [main] org.apache.catalina.startup.VersionLoggerListener.log Command line argument: -Dcatalina.home=D:/JavaBean/tools/apache-tomcat-9.0.121
07-Sep-2026 21:12:13.393 INFO [main] org.apache.catalina.startup.VersionLoggerListener.log Command line argument: -Djava.io.tmpdir=D:/JavaBean/tools/apache-tomcat-9.0.121\temp
07-Sep-2026 21:12:13.450 INFO [main] org.apache.catalina.core.AprLifecycleListener.lifecycleEvent The Apache Tomcat Native library which allows using OpenSSL was not found on the java.library.path: [C:\Program Files\Eclipse Adoptium\jdk-25.0.0.36-hotspot\bin;C:\WINDOWS\Sun\Java\bin;C:\WINDOWS\system32;C:\WINDOWS;C:\Users\azhai\bin;C:\Program Files\Git\mingw64\bin;C:\Program Files\Git\usr\local\bin;C:\Program Files\Git\usr\bin;C:\Program Files\Git\usr\bin;C:\Program Files\Git\mingw64\bin;C:\Program Files\Git\usr\bin;C:\Users\azhai\bin;C:\Users\azhai\AppData\Roaming\Code\User\globalStorage\github.copilot-chat\debugCommand;C:\Users\azhai\AppData\Roaming\Code\User\globalStorage\github.copilot-chat\copilotCli;C:\Program Files\Eclipse Adoptium\jdk-25.0.0.36-hotspot\bin;C:\WINDOWS\system32;C:\WINDOWS;C:\WINDOWS\System32\Wbem;C:\WINDOWS\System32\WindowsPowerShell\v1.0;C:\WINDOWS\System32\OpenSSH;C:\Program Files\Microsoft SQL Server\150\Tools\Binn;C:\Program Files\Microsoft SQL Server\Client SDK\ODBC\170\Tools\Binn;C:\Program Files (x86)\Microsoft SQL Server\150\Tools\Binn;C:\Program Files\Microsoft SQL Server\150\DTS\Binn;C:\Program Files\Azure Data Studio\bin;C:\Program Files\Microsoft SQL Server\120\Tools\Binn;C:\Program Files\Microsoft SQL Server\Client SDK\ODBC\110\Tools\Binn;C:\Program Files (x86)\Microsoft SQL Server\120\Tools\Binn;C:\Program Files\Microsoft SQL Server\120\DTS\Binn;C:\Program Files (x86)\Microsoft SQL Server\120\Tools\Binn\ManagementStudio;C:\Program Files (x86)\Microsoft SQL Server\120\DTS\Binn;C:\Program Files (x86)\Microsoft SQL Server\160\Tools\Binn;C:\Program Files\Microsoft SQL Server\160\Tools\Binn;C:\Program Files\Microsoft SQL Server\160\DTS\Binn;C:\Users\azhai\AppData\Local\Programs\cursor\resources\app\bin;C:\WINDOWS\system32;C:\WINDOWS;C:\WINDOWS\System32\Wbem;C:\WINDOWS\System32\WindowsPowerShell\v1.0;C:\WINDOWS\System32\OpenSSH;C:\wamp64\bin\php\php5.6.40C;C:\Program Files\Git\Program Files\Microsoft SQL Server\170\Tools\Binn;C:\Program Files\dotnet;C:\Program Files\Git\cmd;C:\xampp\php;C:\composer;C:\Program Files\nodejs;C:\Program Files\Erlang OTP\bin;C:\Program Files\RabbitMQ Server\rabbitmq_server-4.3.2\sbin;C:\Program Files (x86)\Microsoft SQL Server\170\Tools\Binn;C:\Program Files\Microsoft SQL Server\170\Tools\Binn;C:\Program Files\Microsoft SQL Server\Client SDK\ODBC\180\Tools\Binn;C:\Program Files\Microsoft SQL Server\170\DTS\Binn;C:\Users\azhai\AppData\Local\Volta\bin;C:\Users\azhai\AppData\Local\Yarn\config\global\node_modules\.bin;C:\Users\azhai\AppData\Roaming\Composer\vendor\bin;D:\laragon\bin;D:\laragon\bin\apache\httpd-2.4.54-win64-VS16\bin;D:\laragon\bin\composer;D:\laragon\bin\git\bin;D:\laragon\bin\git\cmd;D:\laragon\bin\git\mingw64\bin;D:\laragon\bin\git\usr\bin;D:\laragon\bin\laragon\utils;D:\laragon\bin\mysql\mysql-8.0.30-winx64\bin;D:\laragon\bin\nginx\nginx-1.22.0;D:\laragon\bin\ngrok;D:\laragon\bin\nodejs\node-v18;D:\laragon\bin\notepad++;D:\laragon\bin\php\php-8.3.31-nts-Win32-vs16-x64;D:\laragon\bin\python\python-3.10;D:\laragon\bin\python\python-3.10\Scripts;D:\laragon\bin\redis\redis-x64-5.0.14.1;D:\laragon\bin\telnet;D:\laragon\usr\bin;C:\Users\azhai\AppData\Local\Microsoft\WindowsApps;C:\Program Files\Azure Data Studio\bin;D:\Visual studio\Microsoft VS Code\bin;C:\Users\azhai\AppData\Local\GitHubDesktop\bin;C:\Program Files\dotnet;C:\Users\azhai\.dotnet\tools;C:\Users\azhai\.dotnet\tools;C:\Users\azhai\AppData\Roa;C:\Users\azhai\AppData\Roaming\npm;C:\Users\azhai\.vscode\extensions\vscjava.vscode-java-debug-0.59.0\bundled\scripts\noConfigScripts;C:\Program Files\Git\usr\bin\vendor_perl;C:\Program Files\Git\usr\bin\core_perl;.]
07-Sep-2026 21:12:13.977 INFO [main] org.apache.coyote.AbstractProtocol.init Initializing ProtocolHandler ["http-nio-8080"]
07-Sep-2026 21:12:14.034 INFO [main] org.apache.catalina.startup.Catalina.load Server initialization in [1044] milliseconds
07-Sep-2026 21:12:14.115 INFO [main] org.apache.catalina.core.StandardService.startInternal Starting service [Catalina]
07-Sep-2026 21:12:14.115 INFO [main] org.apache.catalina.core.StandardEngine.startInternal Starting Servlet engine: [Apache Tomcat/9.0.121]
07-Sep-2026 21:12:14.143 INFO [main] org.apache.catalina.startup.HostConfig.deployWAR Deploying web application archive [D:\JavaBean\tools\apache-tomcat-9.0.121\webapps\JavaBean.war]
07-Sep-2026 21:12:16.571 INFO [main] org.apache.jasper.servlet.TldScanner.scanJars At least one JAR was scanned for TLDs yet contained no TLDs. Enable debug logging for this logger for a complete list of JARs that were scanned but no TLDs were found in them. Skipping unneeded JARs during scanning can improve startup time and JSP compilation time.
07-Sep-2026 21:12:16.758 INFO [main] org.apache.catalina.startup.HostConfig.deployWAR Deployment of web application archive [D:\JavaBean\tools\apache-tomcat-9.0.121\webapps\JavaBean.war] has finished in [2,601] ms
07-Sep-2026 21:12:16.760 INFO [main] org.apache.catalina.startup.HostConfig.deployDirectory Deploying web application directory [D:\JavaBean\tools\apache-tomcat-9.0.121\webapps\docs]
07-Sep-2026 21:12:16.856 INFO [main] org.apache.catalina.startup.HostConfig.deployDirectory Deployment of web application directory [D:\JavaBean\tools\apache-tomcat-9.0.121\webapps\docs] has finished in [96] ms
07-Sep-2026 21:12:16.856 INFO [main] org.apache.catalina.startup.HostConfig.deployDirectory Deploying web application directory [D:\JavaBean\tools\apache-tomcat-9.0.121\webapps\examples]
07-Sep-2026 21:12:17.735 INFO [main] org.apache.catalina.startup.HostConfig.deployDirectory Deployment of web application directory [D:\JavaBean\tools\apache-tomcat-9.0.121\webapps\examples] has finished in [878] ms
07-Sep-2026 21:12:17.736 INFO [main] org.apache.catalina.startup.HostConfig.deployDirectory Deploying web application directory [D:\JavaBean\tools\apache-tomcat-9.0.121\webapps\host-manager]
07-Sep-2026 21:12:17.819 INFO [main] org.apache.catalina.startup.HostConfig.deployDirectory Deployment of web application directory [D:\JavaBean\tools\apache-tomcat-9.0.121\webapps\host-manager] has finished in [83] ms
07-Sep-2026 21:12:17.820 INFO [main] org.apache.catalina.startup.HostConfig.deployDirectory Deploying web application directory [D:\JavaBean\tools\apache-tomcat-9.0.121\webapps\manager]
07-Sep-2026 21:12:17.891 INFO [main] org.apache.catalina.startup.HostConfig.deployDirectory Deployment of web application directory [D:\JavaBean\tools\apache-tomcat-9.0.121\webapps\manager] has finished in [70] ms
07-Sep-2026 21:12:17.891 INFO [main] org.apache.catalina.startup.HostConfig.deployDirectory Deploying web application directory [D:\JavaBean\tools\apache-tomcat-9.0.121\webapps\ROOT]
07-Sep-2026 21:12:17.949 INFO [main] org.apache.catalina.startup.HostConfig.deployDirectory Deployment of web application directory [D:\JavaBean\tools\apache-tomcat-9.0.121\webapps\ROOT] has finished in [58] ms
07-Sep-2026 21:12:17.961 INFO [main] org.apache.coyote.AbstractProtocol.start Starting ProtocolHandler ["http-nio-8080"]
07-Sep-2026 21:12:18.024 INFO [main] org.apache.catalina.startup.Catalina.start Server startup in [3984] milliseconds
